,2017-11-06 00:00:00,2017-11-13 00:00:00,2017-11-20 00:00:00,2017-11-27 00:00:00,2017-12-04 00:00:00,2017-12-11 00:00:00,2017-12-18 00:00:00,2017-12-25 00:00:00,2018-01-01 00:00:00,2018-01-08 00:00:00,2018-01-15 00:00:00,2018-01-22 00:00:00,2018-01-29 00:00:00,2018-02-05 00:00:00,2018-02-12 00:00:00,2018-02-19 00:00:00,2018-02-26 00:00:00,2018-03-05 00:00:00,2018-03-12 00:00:00,2018-03-19 00:00:00,2018-03-26 00:00:00,2018-04-02 00:00:00,2018-04-09 00:00:00,2018-04-16 00:00:00,2018-04-23 00:00:00,2018-04-30 00:00:00,total
instanton,48.0,46,53.0,55.0,59.0,62.0,63.0,63.0,63.0,64.0,68.0,65.0,64.0,61.0,60.0,62.0,61.0,64.0,64.0,67.0,68.0,69.0,67.0,67.0,67.0,71.0,120
lowenergy,64.0,66,67.0,67.0,69.0,69.0,65.0,67.0,63.0,62.0,65.0,64.0,63.0,61.0,59.0,59.0,60.0,58.0,54.0,54.0,56.0,56.0,53.0,53.0,58.0,57.0,120
poincare,51.0,51,49.0,52.0,54.0,53.0,57.0,58.0,57.0,57.0,61.0,60.0,57.0,64.0,58.0,56.0,56.0,55.0,52.0,51.0,52.0,57.0,64.0,66.0,69.0,68.0,119
baryon,52.0,55,62.0,62.0,62.0,52.0,49.0,58.0,62.0,59.0,55.0,53.0,54.0,55.0,60.0,64.0,66.0,61.0,61.0,61.0,64.0,66.0,67.0,66.0,68.0,67.0,119
brst,51.0,50,56.0,57.0,55.0,56.0,61.0,61.0,61.0,62.0,63.0,59.0,59.0,62.0,62.0,66.0,63.0,65.0,65.0,68.0,70.0,69.0,69.0,53.0,54.0,61.0,117
holography,60.0,58,58.0,59.0,60.0,63.0,60.0,61.0,63.0,62.0,61.0,59.0,58.0,59.0,56.0,58.0,60.0,56.0,55.0,55.0,50.0,55.0,58.0,57.0,56.0,56.0,117
earlier,43.0,44,47.0,46.0,48.0,49.0,49.0,50.0,52.0,52.0,51.0,50.0,51.0,51.0,54.0,53.0,55.0,58.0,62.0,61.0,61.0,63.0,63.0,64.0,68.0,68.0,117
iib,53.0,57,60.0,60.0,60.0,59.0,66.0,70.0,70.0,72.0,70.0,71.0,72.0,72.0,72.0,74.0,75.0,75.0,68.0,72.0,73.0,72.0,73.0,72.0,70.0,66.0,117
kahler,53.0,56,56.0,59.0,63.0,64.0,57.0,58.0,58.0,58.0,56.0,59.0,56.0,56.0,54.0,51.0,47.0,47.0,45.0,46.0,50.0,52.0,47.0,55.0,57.0,61.0,117
kerr,48.0,50,47.0,44.0,46.0,42.0,43.0,46.0,47.0,45.0,45.0,41.0,43.0,44.0,45.0,44.0,45.0,43.0,48.0,54.0,55.0,51.0,53.0,59.0,66.0,67.0,109
antide,58.0,60,59.0,57.0,58.0,59.0,58.0,57.0,61.0,60.0,57.0,61.0,60.0,62.0,60.0,59.0,60.0,56.0,51.0,53.0,50.0,48.0,48.0,50.0,50.0,48.0,108
energymomentum,49.0,46,46.0,53.0,54.0,55.0,53.0,53.0,53.0,53.0,50.0,51.0,51.0,51.0,50.0,51.0,51.0,51.0,51.0,53.0,54.0,52.0,58.0,59.0,58.0,56.0,105
slowroll,51.0,51,51.0,53.0,52.0,53.0,52.0,56.0,59.0,56.0,54.0,51.0,50.0,50.0,52.0,54.0,56.0,54.0,50.0,48.0,49.0,48.0,48.0,51.0,56.0,54.0,103
quasinormal,49.0,52,50.0,50.0,49.0,54.0,55.0,60.0,63.0,62.0,65.0,59.0,59.0,60.0,56.0,54.0,57.0,54.0,47.0,48.0,52.0,56.0,58.0,59.0,61.0,59.0,102
gluon,56.0,57,52.0,49.0,49.0,48.0,41.0,40.0,41.0,42.0,42.0,41.0,38.0,41.0,40.0,40.0,43.0,40.0,41.0,44.0,45.0,40.0,44.0,43.0,46.0,46.0,102
compactifications,53.0,54,53.0,53.0,53.0,51.0,54.0,67.0,63.0,61.0,60.0,56.0,55.0,55.0,54.0,57.0,54.0,53.0,50.0,52.0,55.0,56.0,55.0,53.0,50.0,50.0,101
fourpoint,41.0,44,52.0,54.0,53.0,57.0,57.0,59.0,57.0,58.0,58.0,57.0,58.0,59.0,60.0,61.0,58.0,60.0,61.0,57.0,60.0,62.0,64.0,66.0,61.0,58.0,100
spinors,49.0,46,46.0,46.0,44.0,42.0,42.0,42.0,42.0,41.0,40.0,40.0,52.0,50.0,52.0,57.0,58.0,64.0,60.0,60.0,60.0,61.0,62.0,61.0,57.0,54.0,99
worldsheet,47.0,56,57.0,61.0,59.0,57.0,58.0,60.0,60.0,60.0,58.0,57.0,57.0,56.0,56.0,55.0,55.0,53.0,52.0,54.0,54.0,57.0,57.0,54.0,49.0,55.0,98
lowest,52.0,55,55.0,56.0,52.0,49.0,49.0,46.0,48.0,48.0,49.0,46.0,45.0,46.0,48.0,48.0,49.0,50.0,46.0,46.0,46.0,48.0,46.0,44.0,44.0,42.0,97
timedependent,43.0,37,39.0,41.0,36.0,36.0,35.0,42.0,43.0,44.0,44.0,42.0,42.0,45.0,44.0,47.0,48.0,48.0,49.0,55.0,53.0,50.0,50.0,51.0,53.0,55.0,96
tduality,50.0,49,45.0,44.0,44.0,46.0,50.0,50.0,46.0,44.0,44.0,44.0,41.0,41.0,40.0,38.0,40.0,39.0,40.0,46.0,50.0,49.0,49.0,50.0,46.0,45.0,96
qed,43.0,38,40.0,40.0,37.0,36.0,34.0,38.0,40.0,42.0,38.0,39.0,41.0,44.0,46.0,48.0,49.0,47.0,49.0,50.0,49.0,49.0,48.0,48.0,52.0,54.0,96
compactification,44.0,43,44.0,44.0,45.0,43.0,47.0,47.0,46.0,41.0,40.0,38.0,41.0,41.0,40.0,42.0,41.0,41.0,49.0,51.0,54.0,56.0,53.0,52.0,54.0,52.0,96
majorana,60.0,60,63.0,67.0,64.0,67.0,63.0,64.0,60.0,59.0,53.0,52.0,56.0,43.0,43.0,42.0,35.0,36.0,36.0,35.0,30.0,31.0,34.0,32.0,31.0,34.0,95
hooft,37.0,41,44.0,44.0,51.0,47.0,48.0,47.0,44.0,46.0,46.0,46.0,44.0,43.0,45.0,50.0,50.0,52.0,54.0,54.0,57.0,57.0,59.0,60.0,59.0,58.0,94
bh,59.0,58,57.0,53.0,53.0,49.0,42.0,38.0,39.0,39.0,39.0,36.0,33.0,33.0,39.0,39.0,43.0,41.0,35.0,30.0,35.0,35.0,36.0,37.0,37.0,35.0,94
gravitons,53.0,54,57.0,58.0,60.0,59.0,56.0,55.0,55.0,55.0,57.0,51.0,50.0,51.0,48.0,46.0,48.0,45.0,43.0,43.0,40.0,40.0,45.0,44.0,42.0,41.0,92
onshell,38.0,38,41.0,39.0,40.0,40.0,42.0,48.0,51.0,51.0,51.0,49.0,49.0,50.0,53.0,56.0,57.0,51.0,50.0,50.0,52.0,51.0,52.0,53.0,51.0,52.0,91
fermi,33.0,36,37.0,36.0,39.0,39.0,33.0,41.0,41.0,41.0,44.0,45.0,43.0,43.0,45.0,45.0,45.0,45.0,47.0,47.0,48.0,47.0,51.0,52.0,58.0,58.0,91
offshell,48.0,45,48.0,50.0,51.0,52.0,49.0,51.0,50.0,45.0,45.0,45.0,43.0,41.0,42.0,39.0,41.0,43.0,45.0,46.0,47.0,46.0,43.0,41.0,40.0,40.0,91
sym,39.0,38,42.0,40.0,40.0,42.0,40.0,44.0,43.0,43.0,43.0,42.0,42.0,41.0,44.0,46.0,49.0,51.0,50.0,50.0,49.0,49.0,50.0,54.0,51.0,52.0,89
superstring,40.0,38,39.0,43.0,42.0,38.0,43.0,44.0,44.0,44.0,45.0,45.0,46.0,46.0,45.0,48.0,52.0,51.0,44.0,50.0,49.0,51.0,48.0,45.0,49.0,49.0,89
ftheory,45.0,45,47.0,48.0,48.0,47.0,47.0,52.0,42.0,39.0,39.0,40.0,42.0,43.0,43.0,43.0,47.0,47.0,46.0,52.0,50.0,50.0,46.0,44.0,45.0,44.0,88
horndeski,46.0,43,45.0,43.0,44.0,44.0,42.0,42.0,44.0,45.0,40.0,37.0,42.0,42.0,39.0,39.0,38.0,39.0,38.0,38.0,45.0,44.0,45.0,47.0,42.0,39.0,87
wellknown,37.0,35,35.0,33.0,33.0,34.0,37.0,35.0,35.0,35.0,34.0,34.0,35.0,39.0,40.0,41.0,43.0,41.0,43.0,43.0,40.0,41.0,42.0,46.0,48.0,48.0,87
manybody,47.0,48,52.0,47.0,46.0,49.0,51.0,52.0,52.0,50.0,54.0,54.0,54.0,57.0,57.0,57.0,57.0,57.0,56.0,58.0,57.0,52.0,41.0,39.0,39.0,38.0,86
simplest,46.0,46,48.0,50.0,50.0,50.0,49.0,49.0,48.0,47.0,47.0,47.0,47.0,47.0,48.0,52.0,49.0,50.0,45.0,46.0,45.0,42.0,42.0,40.0,40.0,40.0,86
orbifold,45.0,45,47.0,46.0,47.0,49.0,48.0,51.0,52.0,53.0,52.0,49.0,47.0,44.0,42.0,41.0,41.0,37.0,36.0,36.0,37.0,33.0,37.0,40.0,42.0,41.0,86
generalised,59.0,56,56.0,55.0,52.0,55.0,54.0,52.0,54.0,51.0,50.0,48.0,46.0,48.0,43.0,44.0,42.0,39.0,39.0,38.0,36.0,32.0,32.0,29.0,31.0,27.0,86
ricci,34.0,36,37.0,38.0,38.0,38.0,37.0,40.0,46.0,45.0,41.0,45.0,43.0,46.0,45.0,45.0,43.0,43.0,43.0,42.0,41.0,42.0,47.0,47.0,49.0,52.0,84
electroweak,40.0,41,46.0,48.0,43.0,43.0,40.0,38.0,40.0,39.0,39.0,38.0,34.0,33.0,32.0,32.0,34.0,39.0,40.0,35.0,40.0,38.0,36.0,35.0,37.0,40.0,84
gaussbonnet,44.0,35,35.0,35.0,37.0,45.0,45.0,43.0,40.0,40.0,39.0,39.0,37.0,40.0,38.0,36.0,34.0,35.0,36.0,37.0,32.0,32.0,36.0,37.0,37.0,37.0,82
scalartensor,31.0,33,37.0,38.0,39.0,42.0,44.0,45.0,45.0,42.0,43.0,41.0,43.0,43.0,43.0,43.0,47.0,47.0,48.0,50.0,50.0,50.0,55.0,54.0,49.0,49.0,81
cohomology,46.0,43,40.0,41.0,37.0,38.0,33.0,41.0,38.0,37.0,38.0,33.0,33.0,32.0,33.0,32.0,33.0,35.0,34.0,32.0,31.0,35.0,35.0,35.0,35.0,35.0,81
higherspin,54.0,49,49.0,49.0,50.0,51.0,43.0,46.0,50.0,47.0,41.0,41.0,39.0,38.0,40.0,40.0,40.0,37.0,37.0,37.0,34.0,34.0,34.0,35.0,38.0,35.0,81
firstorder,39.0,38,39.0,39.0,38.0,37.0,39.0,42.0,41.0,42.0,36.0,35.0,35.0,34.0,33.0,36.0,35.0,38.0,40.0,37.0,39.0,38.0,38.0,39.0,44.0,43.0,80
scfts,17.0,19,17.0,18.0,21.0,28.0,27.0,28.0,29.0,30.0,37.0,35.0,35.0,33.0,33.0,36.0,37.0,44.0,44.0,44.0,46.0,46.0,46.0,55.0,56.0,60.0,80
treelevel,42.0,42,40.0,42.0,43.0,42.0,40.0,41.0,37.0,38.0,37.0,37.0,38.0,37.0,39.0,40.0,42.0,43.0,43.0,43.0,43.0,43.0,42.0,40.0,37.0,40.0,80
mathcal,52.0,54,54.0,51.0,46.0,42.0,39.0,45.0,44.0,44.0,44.0,39.0,39.0,41.0,42.0,42.0,41.0,41.0,42.0,40.0,40.0,40.0,44.0,46.0,30.0,30.0,80
btz,45.0,45,41.0,40.0,37.0,39.0,39.0,38.0,39.0,38.0,39.0,38.0,37.0,36.0,37.0,30.0,31.0,33.0,33.0,31.0,25.0,27.0,29.0,31.0,26.0,30.0,78
superfield,44.0,47,48.0,44.0,47.0,48.0,51.0,50.0,51.0,50.0,52.0,53.0,52.0,52.0,52.0,52.0,46.0,46.0,45.0,45.0,41.0,40.0,38.0,34.0,34.0,34.0,78
virasoro,38.0,37,34.0,35.0,35.0,38.0,39.0,45.0,45.0,45.0,45.0,41.0,36.0,35.0,34.0,33.0,34.0,34.0,32.0,32.0,32.0,34.0,37.0,37.0,38.0,36.0,77
ising,41.0,41,38.0,36.0,39.0,41.0,39.0,42.0,38.0,38.0,38.0,31.0,33.0,33.0,40.0,40.0,41.0,42.0,41.0,39.0,39.0,41.0,39.0,37.0,37.0,37.0,77
renyi,45.0,45,48.0,46.0,42.0,42.0,41.0,39.0,31.0,31.0,30.0,30.0,30.0,28.0,28.0,24.0,28.0,28.0,31.0,28.0,28.0,20.0,21.0,21.0,21.0,24.0,75
backreaction,48.0,48,44.0,44.0,43.0,43.0,45.0,48.0,47.0,44.0,44.0,41.0,38.0,36.0,33.0,29.0,29.0,28.0,27.0,27.0,30.0,27.0,29.0,32.0,30.0,28.0,75
iia,32.0,30,30.0,33.0,36.0,33.0,37.0,41.0,41.0,41.0,40.0,36.0,34.0,39.0,39.0,46.0,46.0,45.0,42.0,44.0,43.0,44.0,43.0,43.0,41.0,42.0,74
gaugeinvariant,38.0,39,39.0,40.0,41.0,38.0,39.0,40.0,42.0,41.0,41.0,42.0,42.0,42.0,43.0,42.0,44.0,42.0,42.0,45.0,44.0,45.0,37.0,40.0,40.0,38.0,74
superpotential,28.0,27,27.0,27.0,39.0,42.0,42.0,44.0,42.0,41.0,40.0,40.0,36.0,36.0,36.0,36.0,36.0,39.0,41.0,40.0,42.0,44.0,45.0,43.0,44.0,46.0,74
schrodinger,28.0,28,27.0,25.0,24.0,26.0,27.0,28.0,26.0,27.0,28.0,28.0,30.0,32.0,38.0,38.0,39.0,40.0,43.0,45.0,46.0,46.0,45.0,46.0,46.0,46.0,74
lifshitz,40.0,40,44.0,46.0,46.0,46.0,47.0,47.0,44.0,40.0,45.0,41.0,39.0,40.0,40.0,33.0,35.0,38.0,34.0,34.0,35.0,35.0,33.0,30.0,31.0,30.0,74
witten,48.0,47,45.0,45.0,41.0,43.0,44.0,46.0,46.0,45.0,42.0,42.0,37.0,36.0,37.0,39.0,35.0,33.0,34.0,33.0,33.0,31.0,33.0,34.0,31.0,29.0,74
twoloop,34.0,37,36.0,36.0,37.0,38.0,38.0,40.0,40.0,40.0,42.0,42.0,42.0,42.0,42.0,41.0,41.0,43.0,42.0,38.0,35.0,36.0,33.0,38.0,37.0,38.0,73
onedimensional,39.0,39,40.0,41.0,42.0,44.0,45.0,43.0,45.0,43.0,43.0,41.0,39.0,41.0,41.0,40.0,41.0,42.0,43.0,42.0,41.0,40.0,39.0,39.0,39.0,34.0,73
gapless,40.0,39,38.0,38.0,45.0,48.0,44.0,41.0,42.0,41.0,37.0,36.0,34.0,34.0,35.0,35.0,34.0,30.0,28.0,27.0,28.0,31.0,31.0,31.0,33.0,33.0,73
blackhole,40.0,39,38.0,34.0,34.0,33.0,33.0,30.0,30.0,28.0,28.0,19.0,25.0,25.0,23.0,22.0,26.0,26.0,27.0,30.0,32.0,34.0,28.0,30.0,29.0,32.0,72
lorentzian,33.0,37,38.0,37.0,38.0,38.0,40.0,41.0,39.0,38.0,40.0,40.0,43.0,45.0,45.0,43.0,43.0,41.0,39.0,40.0,39.0,39.0,40.0,38.0,37.0,38.0,72
gr,29.0,29,35.0,29.0,34.0,31.0,30.0,30.0,30.0,29.0,27.0,27.0,27.0,29.0,30.0,29.0,28.0,29.0,29.0,29.0,29.0,29.0,41.0,44.0,44.0,44.0,72
regge,41.0,36,37.0,37.0,37.0,36.0,37.0,39.0,38.0,38.0,38.0,38.0,33.0,34.0,30.0,30.0,32.0,35.0,33.0,33.0,33.0,29.0,30.0,29.0,30.0,32.0,71
mtheory,31.0,30,29.0,28.0,28.0,28.0,28.0,35.0,36.0,34.0,33.0,31.0,31.0,30.0,29.0,29.0,29.0,33.0,35.0,36.0,35.0,36.0,38.0,38.0,35.0,36.0,70
qft,17.0,19,20.0,22.0,26.0,28.0,32.0,41.0,39.0,37.0,37.0,37.0,35.0,35.0,35.0,40.0,41.0,45.0,46.0,45.0,46.0,47.0,45.0,50.0,49.0,53.0,70
superspace,30.0,31,26.0,29.0,29.0,28.0,34.0,32.0,35.0,29.0,28.0,28.0,30.0,30.0,31.0,31.0,32.0,36.0,32.0,33.0,35.0,36.0,36.0,37.0,38.0,39.0,70
superfields,41.0,40,38.0,40.0,41.0,43.0,45.0,43.0,42.0,39.0,39.0,38.0,34.0,35.0,35.0,35.0,36.0,37.0,36.0,37.0,33.0,31.0,31.0,26.0,28.0,29.0,70
et,31.0,33,30.0,31.0,32.0,32.0,32.0,31.0,32.0,34.0,35.0,33.0,32.0,34.0,37.0,37.0,40.0,42.0,39.0,41.0,42.0,42.0,41.0,41.0,39.0,39.0,70
sm,18.0,16,19.0,22.0,23.0,22.0,18.0,18.0,20.0,20.0,30.0,30.0,30.0,32.0,35.0,35.0,36.0,36.0,36.0,38.0,52.0,52.0,54.0,54.0,52.0,52.0,70
spacelike,24.0,26,27.0,25.0,26.0,29.0,29.0,28.0,31.0,35.0,35.0,33.0,32.0,32.0,29.0,31.0,33.0,37.0,39.0,37.0,36.0,39.0,39.0,45.0,47.0,46.0,70
fivedimensional,38.0,36,35.0,34.0,37.0,38.0,36.0,37.0,39.0,39.0,40.0,38.0,34.0,34.0,35.0,35.0,38.0,34.0,33.0,31.0,31.0,32.0,31.0,32.0,31.0,29.0,69
heisenberg,32.0,32,33.0,33.0,34.0,30.0,28.0,30.0,31.0,31.0,32.0,33.0,34.0,37.0,40.0,41.0,38.0,42.0,42.0,37.0,38.0,38.0,39.0,38.0,39.0,35.0,69
noncompact,40.0,39,39.0,38.0,35.0,34.0,31.0,33.0,32.0,27.0,32.0,31.0,31.0,32.0,32.0,32.0,33.0,30.0,31.0,28.0,29.0,28.0,25.0,25.0,26.0,26.0,69
kaluzaklein,24.0,27,27.0,28.0,29.0,30.0,30.0,29.0,32.0,34.0,35.0,38.0,38.0,38.0,36.0,38.0,42.0,43.0,42.0,41.0,39.0,39.0,42.0,42.0,41.0,42.0,68
yukawa,37.0,39,41.0,39.0,39.0,37.0,34.0,37.0,33.0,32.0,30.0,26.0,26.0,26.0,29.0,31.0,31.0,31.0,29.0,30.0,31.0,32.0,28.0,30.0,34.0,31.0,68
powerlaw,36.0,36,40.0,39.0,37.0,38.0,38.0,38.0,38.0,37.0,36.0,35.0,34.0,31.0,31.0,36.0,37.0,34.0,33.0,33.0,34.0,34.0,34.0,32.0,32.0,29.0,66
frac,24.0,24,24.0,24.0,24.0,17.0,17.0,19.0,18.0,45.0,46.0,44.0,45.0,46.0,45.0,45.0,46.0,47.0,47.0,41.0,41.0,40.0,40.0,40.0,41.0,42.0,66
unruh,27.0,24,24.0,24.0,24.0,24.0,24.0,26.0,25.0,24.0,24.0,24.0,24.0,25.0,25.0,25.0,25.0,23.0,17.0,21.0,23.0,23.0,29.0,32.0,30.0,38.0,65
emph,25.0,25,25.0,24.0,24.0,20.0,22.0,24.0,22.0,22.0,23.0,29.0,31.0,31.0,38.0,35.0,37.0,37.0,37.0,35.0,33.0,33.0,33.0,38.0,40.0,39.0,65
renormalisation,24.0,23,38.0,39.0,41.0,40.0,41.0,41.0,43.0,43.0,43.0,46.0,47.0,40.0,39.0,39.0,39.0,39.0,39.0,40.0,40.0,40.0,40.0,39.0,35.0,37.0,64
mathbb,44.0,43,49.0,49.0,48.0,38.0,37.0,38.0,37.0,36.0,36.0,35.0,35.0,31.0,32.0,32.0,30.0,29.0,27.0,27.0,27.0,27.0,23.0,23.0,21.0,20.0,64
iii,22.0,21,20.0,20.0,20.0,25.0,23.0,26.0,28.0,28.0,29.0,26.0,27.0,31.0,29.0,29.0,29.0,29.0,29.0,30.0,34.0,36.0,36.0,36.0,40.0,40.0,63
lightcone,29.0,27,25.0,23.0,22.0,25.0,25.0,25.0,26.0,26.0,27.0,25.0,25.0,25.0,25.0,26.0,26.0,25.0,26.0,26.0,25.0,24.0,26.0,33.0,35.0,32.0,63
bf,41.0,41,41.0,38.0,41.0,41.0,38.0,38.0,37.0,36.0,35.0,34.0,23.0,24.0,22.0,23.0,22.0,22.0,22.0,22.0,22.0,20.0,19.0,19.0,17.0,19.0,62
instantons,36.0,36,39.0,39.0,40.0,40.0,40.0,39.0,39.0,39.0,38.0,39.0,36.0,36.0,35.0,35.0,35.0,37.0,36.0,38.0,38.0,38.0,37.0,35.0,34.0,32.0,62
noether,24.0,25,26.0,28.0,33.0,34.0,33.0,38.0,38.0,37.0,37.0,36.0,41.0,41.0,39.0,39.0,37.0,36.0,42.0,42.0,41.0,41.0,41.0,42.0,40.0,37.0,61
higherorder,28.0,24,24.0,25.0,27.0,26.0,25.0,25.0,23.0,23.0,20.0,20.0,19.0,21.0,20.0,18.0,19.0,21.0,21.0,22.0,26.0,25.0,25.0,28.0,31.0,32.0,61
galileon,38.0,37,30.0,30.0,30.0,30.0,30.0,30.0,41.0,39.0,37.0,35.0,32.0,27.0,29.0,30.0,31.0,31.0,29.0,31.0,31.0,31.0,28.0,26.0,24.0,23.0,61
timelike,21.0,21,17.0,17.0,17.0,20.0,19.0,21.0,24.0,26.0,26.0,28.0,30.0,30.0,29.0,29.0,32.0,33.0,32.0,31.0,35.0,37.0,37.0,37.0,39.0,37.0,60
sixdimensional,28.0,29,30.0,30.0,29.0,32.0,30.0,35.0,33.0,32.0,31.0,30.0,30.0,29.0,28.0,29.0,30.0,27.0,25.0,25.0,25.0,23.0,23.0,25.0,28.0,29.0,59
compactified,28.0,28,27.0,33.0,31.0,33.0,31.0,31.0,32.0,32.0,32.0,31.0,29.0,28.0,28.0,30.0,30.0,30.0,29.0,29.0,31.0,33.0,32.0,32.0,32.0,31.0,59
einsteinhilbert,30.0,27,28.0,27.0,26.0,25.0,24.0,24.0,24.0,24.0,23.0,22.0,22.0,23.0,23.0,23.0,26.0,28.0,27.0,28.0,26.0,27.0,24.0,24.0,22.0,24.0,58
selfdual,29.0,28,28.0,28.0,27.0,28.0,25.0,27.0,28.0,29.0,30.0,29.0,29.0,29.0,30.0,30.0,31.0,29.0,30.0,29.0,28.0,28.0,25.0,27.0,26.0,27.0,58
gluons,33.0,34,34.0,32.0,29.0,29.0,29.0,29.0,27.0,29.0,29.0,30.0,31.0,29.0,30.0,30.0,32.0,27.0,29.0,28.0,28.0,24.0,23.0,24.0,27.0,26.0,57
mellin,15.0,17,18.0,25.0,26.0,27.0,27.0,32.0,33.0,33.0,33.0,33.0,38.0,39.0,39.0,39.0,39.0,40.0,40.0,43.0,43.0,39.0,42.0,42.0,41.0,44.0,57
neumann,22.0,25,26.0,26.0,30.0,29.0,29.0,30.0,30.0,30.0,32.0,29.0,28.0,30.0,31.0,38.0,39.0,40.0,40.0,40.0,40.0,38.0,37.0,38.0,38.0,37.0,57
smatrix,30.0,28,27.0,28.0,25.0,26.0,24.0,24.0,22.0,22.0,24.0,23.0,23.0,21.0,19.0,23.0,20.0,19.0,19.0,20.0,21.0,22.0,22.0,25.0,25.0,26.0,56
gev,35.0,32,34.0,34.0,33.0,31.0,27.0,30.0,28.0,28.0,25.0,25.0,24.0,22.0,23.0,23.0,19.0,22.0,24.0,24.0,23.0,22.0,21.0,20.0,22.0,22.0,56
superalgebra,22.0,21,19.0,19.0,18.0,20.0,21.0,21.0,19.0,19.0,19.0,22.0,24.0,24.0,23.0,25.0,25.0,25.0,25.0,27.0,28.0,28.0,28.0,28.0,28.0,30.0,55
welldefined,20.0,20,20.0,20.0,23.0,25.0,25.0,26.0,27.0,28.0,29.0,29.0,32.0,33.0,32.0,32.0,31.0,34.0,34.0,33.0,33.0,34.0,35.0,36.0,36.0,36.0,55
borninfeld,35.0,35,34.0,34.0,34.0,34.0,36.0,36.0,36.0,30.0,27.0,28.0,24.0,24.0,25.0,24.0,25.0,20.0,21.0,22.0,26.0,24.0,23.0,23.0,23.0,17.0,55
decoupling,23.0,23,21.0,22.0,23.0,21.0,25.0,26.0,28.0,30.0,30.0,30.0,33.0,32.0,32.0,33.0,31.0,32.0,30.0,30.0,36.0,36.0,35.0,35.0,32.0,31.0,54
graphene,21.0,18,18.0,18.0,15.0,15.0,16.0,16.0,20.0,23.0,24.0,22.0,27.0,29.0,28.0,31.0,31.0,28.0,29.0,30.0,30.0,30.0,31.0,31.0,31.0,29.0,54
secondorder,29.0,28,29.0,31.0,32.0,32.0,31.0,32.0,32.0,31.0,27.0,25.0,24.0,24.0,25.0,23.0,24.0,21.0,21.0,23.0,24.0,21.0,23.0,23.0,25.0,24.0,54
twistor,29.0,29,25.0,25.0,26.0,36.0,36.0,39.0,40.0,39.0,37.0,36.0,40.0,40.0,40.0,41.0,41.0,40.0,30.0,30.0,26.0,26.0,26.0,26.0,26.0,25.0,54
nc,26.0,28,29.0,29.0,29.0,29.0,29.0,29.0,29.0,29.0,34.0,33.0,33.0,33.0,33.0,31.0,25.0,25.0,25.0,18.0,18.0,18.0,15.0,15.0,15.0,23.0,53
higherderivative,35.0,34,35.0,37.0,38.0,35.0,34.0,34.0,40.0,41.0,39.0,39.0,38.0,36.0,33.0,30.0,31.0,31.0,31.0,31.0,31.0,26.0,25.0,25.0,20.0,19.0,53
latetime,29.0,30,31.0,31.0,31.0,29.0,26.0,27.0,31.0,32.0,34.0,35.0,32.0,32.0,34.0,34.0,33.0,32.0,33.0,32.0,33.0,29.0,28.0,28.0,28.0,26.0,52
liouville,27.0,28,25.0,24.0,25.0,26.0,25.0,23.0,24.0,24.0,23.0,23.0,23.0,29.0,29.0,30.0,29.0,28.0,30.0,30.0,31.0,30.0,31.0,33.0,28.0,27.0,52
lyapunov,24.0,25,27.0,26.0,24.0,27.0,27.0,26.0,26.0,27.0,25.0,25.0,24.0,24.0,24.0,25.0,27.0,21.0,23.0,28.0,25.0,26.0,24.0,24.0,25.0,27.0,51
gw,21.0,20,20.0,20.0,20.0,20.0,20.0,20.0,24.0,24.0,21.0,22.0,19.0,19.0,21.0,28.0,28.0,30.0,30.0,30.0,30.0,30.0,30.0,36.0,28.0,30.0,51
renormalizable,23.0,21,23.0,23.0,23.0,21.0,24.0,24.0,25.0,26.0,25.0,22.0,21.0,21.0,21.0,23.0,22.0,24.0,22.0,23.0,24.0,22.0,22.0,23.0,24.0,28.0,50
diffeomorphisms,24.0,27,26.0,27.0,28.0,28.0,25.0,30.0,28.0,29.0,29.0,29.0,26.0,27.0,30.0,33.0,35.0,34.0,25.0,25.0,24.0,24.0,24.0,24.0,25.0,25.0,50
wavefunction,26.0,25,32.0,33.0,34.0,35.0,36.0,34.0,35.0,36.0,36.0,33.0,33.0,34.0,33.0,33.0,31.0,31.0,25.0,23.0,23.0,22.0,21.0,21.0,22.0,23.0,49
nambugoldstone,22.0,23,24.0,23.0,23.0,22.0,22.0,23.0,25.0,25.0,26.0,26.0,25.0,26.0,28.0,27.0,27.0,30.0,30.0,30.0,31.0,32.0,32.0,33.0,35.0,27.0,49
schwinger,22.0,23,22.0,21.0,20.0,17.0,19.0,21.0,23.0,24.0,23.0,23.0,23.0,23.0,23.0,25.0,23.0,20.0,24.0,24.0,25.0,25.0,25.0,22.0,23.0,25.0,48
supergravities,20.0,19,22.0,24.0,23.0,23.0,21.0,23.0,25.0,25.0,24.0,22.0,22.0,22.0,25.0,27.0,30.0,30.0,30.0,29.0,30.0,31.0,30.0,30.0,30.0,28.0,48
threepoint,24.0,21,23.0,23.0,25.0,24.0,24.0,23.0,23.0,24.0,22.0,22.0,22.0,22.0,21.0,22.0,23.0,25.0,26.0,27.0,26.0,26.0,28.0,25.0,25.0,27.0,48
solitons,23.0,23,23.0,25.0,25.0,25.0,24.0,24.0,24.0,24.0,23.0,20.0,24.0,26.0,26.0,29.0,29.0,30.0,34.0,34.0,33.0,33.0,30.0,27.0,26.0,27.0,48
nonsupersymmetric,24.0,25,29.0,30.0,33.0,32.0,35.0,37.0,36.0,33.0,33.0,31.0,31.0,31.0,30.0,30.0,30.0,30.0,30.0,29.0,30.0,29.0,29.0,29.0,29.0,22.0,48
kleingordon,24.0,23,24.0,22.0,23.0,24.0,24.0,25.0,25.0,24.0,25.0,25.0,25.0,28.0,27.0,27.0,27.0,26.0,26.0,25.0,24.0,25.0,23.0,23.0,23.0,22.0,48
diffeomorphism,19.0,18,18.0,20.0,20.0,20.0,23.0,26.0,25.0,26.0,25.0,27.0,27.0,27.0,31.0,31.0,32.0,33.0,32.0,30.0,26.0,28.0,28.0,28.0,28.0,28.0,47
gravitino,26.0,26,23.0,22.0,24.0,22.0,22.0,23.0,22.0,22.0,20.0,20.0,20.0,20.0,26.0,23.0,23.0,22.0,19.0,18.0,16.0,16.0,16.0,15.0,19.0,19.0,47
yangbaxter,27.0,27,26.0,26.0,27.0,28.0,24.0,24.0,24.0,24.0,24.0,24.0,23.0,23.0,23.0,23.0,16.0,19.0,21.0,22.0,26.0,23.0,23.0,23.0,21.0,20.0,47
dc,24.0,27,30.0,30.0,29.0,29.0,29.0,29.0,29.0,28.0,29.0,29.0,30.0,31.0,31.0,28.0,25.0,24.0,23.0,23.0,24.0,24.0,25.0,23.0,22.0,22.0,47
eigenstates,21.0,21,21.0,22.0,19.0,21.0,21.0,24.0,25.0,26.0,26.0,26.0,21.0,22.0,24.0,22.0,24.0,24.0,25.0,27.0,26.0,25.0,24.0,19.0,20.0,22.0,46
euler,18.0,18,17.0,18.0,21.0,21.0,21.0,22.0,25.0,27.0,25.0,26.0,24.0,25.0,24.0,25.0,25.0,24.0,25.0,29.0,30.0,29.0,29.0,28.0,28.0,28.0,46
poisson,14.0,17,16.0,16.0,16.0,16.0,15.0,18.0,18.0,17.0,18.0,17.0,18.0,18.0,18.0,22.0,22.0,22.0,21.0,22.0,24.0,26.0,26.0,31.0,30.0,32.0,46
nongaussianity,19.0,20,20.0,18.0,16.0,15.0,15.0,19.0,26.0,26.0,26.0,26.0,26.0,28.0,27.0,29.0,27.0,27.0,27.0,27.0,22.0,22.0,22.0,22.0,27.0,27.0,46
hermitian,19.0,21,21.0,22.0,23.0,23.0,21.0,19.0,19.0,18.0,22.0,22.0,23.0,24.0,25.0,23.0,23.0,23.0,22.0,26.0,29.0,29.0,28.0,26.0,24.0,24.0,46
worldvolume,26.0,24,16.0,18.0,18.0,20.0,20.0,20.0,21.0,21.0,21.0,16.0,16.0,19.0,17.0,17.0,19.0,21.0,20.0,20.0,23.0,22.0,21.0,21.0,21.0,20.0,46
resummation,13.0,15,15.0,14.0,12.0,17.0,17.0,19.0,19.0,19.0,22.0,22.0,22.0,24.0,24.0,25.0,25.0,25.0,25.0,25.0,25.0,25.0,25.0,34.0,33.0,33.0,45
skyrme,15.0,16,16.0,18.0,20.0,19.0,20.0,22.0,22.0,22.0,20.0,23.0,22.0,23.0,25.0,25.0,26.0,26.0,26.0,29.0,29.0,33.0,31.0,26.0,27.0,27.0,45
superalgebras,22.0,21,21.0,21.0,21.0,22.0,22.0,25.0,27.0,21.0,21.0,21.0,23.0,23.0,23.0,28.0,31.0,31.0,31.0,31.0,30.0,31.0,34.0,25.0,24.0,23.0,45
higherdimensional,24.0,23,20.0,19.0,18.0,19.0,18.0,20.0,22.0,23.0,23.0,23.0,22.0,21.0,22.0,21.0,21.0,23.0,24.0,21.0,22.0,22.0,22.0,22.0,22.0,22.0,45
soliton,20.0,22,19.0,19.0,19.0,18.0,16.0,18.0,18.0,19.0,16.0,15.0,15.0,17.0,20.0,20.0,20.0,20.0,22.0,23.0,24.0,24.0,26.0,26.0,24.0,23.0,45
tensortoscalar,24.0,22,20.0,22.0,22.0,21.0,22.0,21.0,20.0,20.0,19.0,17.0,17.0,17.0,19.0,20.0,20.0,22.0,22.0,22.0,22.0,21.0,20.0,20.0,20.0,18.0,45
highenergy,17.0,16,17.0,17.0,19.0,20.0,19.0,22.0,18.0,18.0,21.0,20.0,20.0,22.0,22.0,22.0,23.0,23.0,23.0,21.0,23.0,23.0,23.0,23.0,26.0,27.0,44
stressenergy,31.0,32,32.0,32.0,32.0,31.0,31.0,32.0,32.0,30.0,30.0,28.0,28.0,32.0,29.0,30.0,28.0,29.0,28.0,25.0,25.0,25.0,23.0,24.0,18.0,13.0,44
bhs,13.0,13,13.0,13.0,13.0,13.0,20.0,15.0,15.0,15.0,15.0,15.0,15.0,15.0,20.0,20.0,19.0,18.0,17.0,15.0,20.0,20.0,20.0,29.0,29.0,31.0,44
ligo,18.0,19,19.0,18.0,21.0,23.0,22.0,23.0,23.0,23.0,23.0,21.0,21.0,20.0,20.0,21.0,21.0,21.0,22.0,21.0,21.0,24.0,24.0,27.0,26.0,26.0,44
teleparallel,20.0,19,19.0,19.0,22.0,21.0,19.0,19.0,18.0,16.0,16.0,16.0,18.0,23.0,23.0,23.0,22.0,20.0,20.0,20.0,22.0,22.0,18.0,18.0,20.0,21.0,44
ds,19.0,20,18.0,19.0,15.0,20.0,20.0,20.0,20.0,20.0,20.0,19.0,20.0,17.0,18.0,20.0,20.0,22.0,23.0,22.0,22.0,23.0,21.0,21.0,21.0,22.0,43
entropic,18.0,19,19.0,19.0,16.0,22.0,18.0,18.0,18.0,18.0,18.0,19.0,19.0,19.0,19.0,18.0,14.0,19.0,19.0,19.0,23.0,23.0,20.0,22.0,23.0,24.0,43
pbh,25.0,25,20.0,18.0,23.0,27.0,27.0,27.0,26.0,26.0,18.0,18.0,18.0,18.0,16.0,16.0,16.0,16.0,15.0,15.0,16.0,16.0,16.0,13.0,13.0,18.0,43
byproduct,25.0,25,21.0,20.0,23.0,22.0,22.0,21.0,19.0,17.0,18.0,18.0,18.0,20.0,18.0,17.0,17.0,15.0,16.0,19.0,20.0,19.0,19.0,19.0,18.0,18.0,43
redshift,30.0,29,29.0,30.0,31.0,30.0,30.0,32.0,32.0,31.0,31.0,28.0,27.0,22.0,23.0,23.0,24.0,24.0,23.0,22.0,15.0,13.0,13.0,17.0,15.0,14.0,43
andor,22.0,20,23.0,24.0,24.0,25.0,23.0,24.0,25.0,25.0,25.0,21.0,22.0,23.0,23.0,24.0,24.0,23.0,23.0,23.0,23.0,22.0,22.0,22.0,21.0,19.0,43
mathrm,17.0,19,33.0,33.0,33.0,31.0,31.0,32.0,32.0,36.0,32.0,31.0,31.0,29.0,29.0,29.0,29.0,29.0,29.0,30.0,32.0,32.0,28.0,28.0,26.0,26.0,43
hypermultiplets,13.0,13,13.0,12.0,15.0,18.0,19.0,20.0,18.0,19.0,18.0,18.0,19.0,19.0,19.0,23.0,23.0,27.0,27.0,26.0,26.0,26.0,23.0,25.0,28.0,26.0,42
wigner,21.0,22,26.0,25.0,29.0,29.0,29.0,30.0,28.0,25.0,24.0,24.0,24.0,24.0,24.0,24.0,24.0,26.0,26.0,24.0,24.0,22.0,23.0,23.0,23.0,21.0,42
braneworld,22.0,20,19.0,22.0,22.0,23.0,22.0,21.0,22.0,22.0,19.0,17.0,17.0,18.0,20.0,22.0,23.0,23.0,25.0,21.0,22.0,22.0,24.0,21.0,20.0,20.0,42
kk,9.0,10,13.0,13.0,13.0,13.0,12.0,12.0,16.0,16.0,17.0,15.0,17.0,17.0,15.0,19.0,23.0,23.0,23.0,23.0,23.0,29.0,35.0,33.0,33.0,33.0,42
tachyon,22.0,20,20.0,20.0,19.0,19.0,23.0,23.0,21.0,21.0,22.0,19.0,20.0,19.0,17.0,17.0,17.0,18.0,19.0,19.0,19.0,23.0,22.0,20.0,20.0,20.0,42
doubletrace,18.0,19,20.0,20.0,22.0,21.0,21.0,21.0,18.0,23.0,23.0,23.0,22.0,22.0,22.0,22.0,24.0,24.0,19.0,19.0,19.0,16.0,17.0,17.0,17.0,20.0,41
rindler,20.0,20,17.0,17.0,17.0,21.0,21.0,20.0,20.0,19.0,19.0,17.0,18.0,19.0,18.0,17.0,17.0,17.0,15.0,13.0,10.0,10.0,9.0,10.0,13.0,20.0,41
bekensteinhawking,21.0,21,19.0,19.0,21.0,20.0,20.0,21.0,22.0,23.0,19.0,17.0,18.0,19.0,20.0,20.0,20.0,20.0,22.0,21.0,19.0,18.0,16.0,16.0,18.0,18.0,41
nearhorizon,16.0,16,16.0,16.0,15.0,14.0,13.0,13.0,14.0,12.0,12.0,12.0,13.0,14.0,16.0,16.0,17.0,17.0,19.0,20.0,20.0,23.0,24.0,27.0,27.0,26.0,41
pion,23.0,26,22.0,24.0,23.0,24.0,22.0,22.0,22.0,24.0,24.0,22.0,23.0,23.0,23.0,23.0,24.0,24.0,23.0,21.0,21.0,22.0,21.0,21.0,20.0,18.0,41
bms,23.0,25,19.0,19.0,18.0,18.0,19.0,18.0,18.0,16.0,16.0,16.0,17.0,18.0,18.0,15.0,16.0,15.0,19.0,19.0,18.0,18.0,18.0,18.0,18.0,18.0,41
sl,24.0,24,25.0,22.0,22.0,23.0,26.0,28.0,28.0,28.0,31.0,31.0,31.0,29.0,28.0,27.0,27.0,26.0,26.0,26.0,26.0,25.0,24.0,22.0,21.0,17.0,41
equivariant,20.0,20,20.0,20.0,20.0,18.0,19.0,25.0,24.0,24.0,24.0,26.0,25.0,26.0,27.0,26.0,26.0,24.0,26.0,24.0,24.0,25.0,25.0,25.0,25.0,20.0,40
abjm,15.0,17,17.0,17.0,22.0,23.0,23.0,23.0,26.0,26.0,25.0,25.0,25.0,24.0,23.0,23.0,23.0,23.0,23.0,23.0,23.0,21.0,22.0,22.0,22.0,22.0,40
dbrane,25.0,26,25.0,28.0,26.0,26.0,26.0,26.0,28.0,28.0,28.0,25.0,24.0,24.0,23.0,23.0,22.0,21.0,21.0,21.0,19.0,19.0,21.0,19.0,15.0,15.0,39
gaugegravity,18.0,17,18.0,20.0,20.0,21.0,20.0,20.0,22.0,21.0,21.0,19.0,19.0,19.0,20.0,20.0,21.0,20.0,19.0,19.0,18.0,20.0,23.0,23.0,22.0,21.0,39
orbifolds,27.0,22,21.0,19.0,18.0,18.0,19.0,17.0,17.0,16.0,17.0,17.0,17.0,15.0,15.0,13.0,13.0,14.0,14.0,14.0,13.0,14.0,14.0,16.0,16.0,12.0,39
dbranes,23.0,23,19.0,21.0,19.0,18.0,18.0,16.0,19.0,19.0,19.0,18.0,19.0,19.0,18.0,19.0,22.0,23.0,20.0,20.0,21.0,19.0,19.0,22.0,16.0,16.0,39
ghostfree,18.0,18,15.0,17.0,16.0,15.0,15.0,13.0,14.0,14.0,14.0,14.0,14.0,14.0,13.0,11.0,10.0,10.0,10.0,8.0,8.0,11.0,11.0,17.0,16.0,20.0,38
bimetric,18.0,18,15.0,15.0,14.0,14.0,14.0,13.0,15.0,15.0,15.0,16.0,17.0,17.0,16.0,15.0,14.0,13.0,13.0,13.0,13.0,17.0,18.0,22.0,19.0,20.0,38
supersymmetries,22.0,23,25.0,28.0,24.0,22.0,23.0,29.0,29.0,29.0,28.0,25.0,25.0,25.0,24.0,24.0,24.0,23.0,22.0,21.0,22.0,22.0,22.0,19.0,17.0,16.0,38
dm,25.0,22,22.0,22.0,22.0,22.0,22.0,22.0,17.0,17.0,17.0,17.0,17.0,10.0,14.0,13.0,13.0,21.0,20.0,13.0,13.0,13.0,13.0,13.0,13.0,13.0,38
microstates,15.0,15,12.0,10.0,10.0,11.0,11.0,11.0,11.0,10.0,11.0,11.0,14.0,16.0,18.0,18.0,16.0,16.0,16.0,19.0,19.0,18.0,20.0,20.0,20.0,24.0,37
baryogenesis,16.0,16,19.0,21.0,20.0,20.0,20.0,21.0,19.0,19.0,19.0,18.0,16.0,16.0,22.0,21.0,21.0,18.0,18.0,18.0,20.0,20.0,20.0,19.0,20.0,22.0,37
sachdevyekitaev,21.0,18,19.0,20.0,19.0,18.0,19.0,17.0,18.0,18.0,18.0,20.0,20.0,19.0,19.0,19.0,20.0,19.0,19.0,19.0,17.0,16.0,16.0,16.0,16.0,16.0,37
tev,21.0,21,22.0,22.0,22.0,23.0,23.0,23.0,23.0,22.0,21.0,19.0,19.0,19.0,19.0,20.0,20.0,21.0,21.0,19.0,20.0,19.0,17.0,15.0,15.0,15.0,37
seibergwitten,16.0,17,17.0,19.0,19.0,19.0,17.0,17.0,17.0,17.0,17.0,16.0,14.0,14.0,14.0,14.0,16.0,15.0,14.0,14.0,14.0,15.0,19.0,22.0,21.0,21.0,37
dirichlet,14.0,14,14.0,14.0,14.0,14.0,14.0,16.0,16.0,16.0,17.0,16.0,15.0,16.0,16.0,23.0,24.0,22.0,24.0,25.0,27.0,26.0,25.0,25.0,23.0,23.0,37
deconfinement,22.0,21,20.0,20.0,19.0,16.0,16.0,15.0,15.0,15.0,14.0,13.0,12.0,12.0,13.0,12.0,10.0,10.0,10.0,9.0,9.0,9.0,12.0,13.0,12.0,13.0,36
boltzmann,20.0,20,19.0,18.0,18.0,20.0,17.0,19.0,19.0,20.0,19.0,18.0,18.0,15.0,15.0,14.0,15.0,14.0,12.0,12.0,12.0,12.0,12.0,15.0,15.0,15.0,36
wavelength,18.0,20,19.0,19.0,20.0,22.0,21.0,20.0,21.0,22.0,21.0,20.0,21.0,17.0,15.0,15.0,14.0,15.0,15.0,15.0,14.0,15.0,16.0,16.0,17.0,18.0,36
polyakov,14.0,14,13.0,15.0,16.0,15.0,15.0,18.0,19.0,19.0,19.0,19.0,20.0,19.0,19.0,18.0,18.0,20.0,20.0,18.0,20.0,20.0,19.0,21.0,21.0,18.0,36
polylogarithms,15.0,14,13.0,12.0,12.0,11.0,11.0,17.0,16.0,15.0,15.0,15.0,15.0,15.0,15.0,16.0,16.0,16.0,13.0,13.0,12.0,17.0,18.0,19.0,19.0,20.0,35
rsymmetry,18.0,18,20.0,20.0,19.0,16.0,12.0,13.0,13.0,13.0,13.0,13.0,13.0,13.0,13.0,13.0,13.0,12.0,12.0,14.0,14.0,15.0,16.0,15.0,14.0,15.0,35
finitedimensional,15.0,14,12.0,13.0,13.0,13.0,14.0,15.0,14.0,14.0,15.0,16.0,16.0,19.0,19.0,18.0,18.0,16.0,15.0,17.0,19.0,19.0,19.0,19.0,19.0,20.0,35
von,14.0,15,16.0,16.0,20.0,20.0,20.0,20.0,20.0,20.0,20.0,19.0,19.0,20.0,21.0,23.0,24.0,26.0,26.0,26.0,25.0,23.0,23.0,23.0,23.0,23.0,35
timereversal,18.0,20,19.0,20.0,20.0,23.0,23.0,26.0,23.0,23.0,21.0,20.0,20.0,20.0,21.0,21.0,23.0,23.0,22.0,21.0,18.0,19.0,18.0,18.0,18.0,18.0,35
chern,16.0,17,16.0,16.0,16.0,17.0,15.0,16.0,19.0,18.0,18.0,17.0,17.0,17.0,17.0,16.0,18.0,19.0,20.0,22.0,21.0,21.0,20.0,20.0,20.0,19.0,35
longrange,25.0,25,24.0,23.0,21.0,21.0,21.0,21.0,21.0,21.0,22.0,21.0,20.0,15.0,17.0,17.0,14.0,14.0,12.0,12.0,12.0,11.0,10.0,10.0,10.0,10.0,35
wesszumino,11.0,11,11.0,12.0,12.0,13.0,17.0,16.0,14.0,14.0,14.0,13.0,16.0,16.0,16.0,17.0,16.0,16.0,16.0,16.0,14.0,14.0,18.0,19.0,20.0,24.0,34
baryons,14.0,14,16.0,16.0,13.0,13.0,12.0,15.0,15.0,15.0,15.0,10.0,12.0,12.0,12.0,12.0,13.0,12.0,11.0,16.0,16.0,16.0,16.0,15.0,15.0,15.0,34
superradiant,15.0,16,15.0,15.0,15.0,18.0,17.0,17.0,17.0,17.0,17.0,18.0,18.0,21.0,22.0,22.0,23.0,22.0,21.0,21.0,20.0,20.0,20.0,20.0,17.0,18.0,33
kacmoody,16.0,15,15.0,17.0,18.0,19.0,18.0,19.0,18.0,12.0,12.0,15.0,15.0,15.0,15.0,16.0,13.0,14.0,13.0,13.0,13.0,12.0,13.0,13.0,14.0,16.0,33
quasiparticles,20.0,20,20.0,20.0,18.0,18.0,17.0,18.0,15.0,16.0,15.0,14.0,13.0,14.0,15.0,13.0,12.0,12.0,11.0,11.0,11.0,11.0,14.0,14.0,11.0,12.0,33
superyangmills,15.0,15,18.0,19.0,20.0,20.0,20.0,23.0,22.0,20.0,20.0,19.0,19.0,19.0,21.0,21.0,20.0,20.0,20.0,17.0,17.0,18.0,18.0,20.0,19.0,20.0,33
ev,18.0,17,18.0,18.0,18.0,18.0,17.0,12.0,12.0,10.0,10.0,10.0,10.0,13.0,12.0,17.0,17.0,17.0,17.0,15.0,13.0,13.0,13.0,13.0,14.0,14.0,33
lhc,19.0,20,19.0,18.0,18.0,18.0,18.0,19.0,19.0,17.0,15.0,15.0,13.0,15.0,16.0,17.0,18.0,18.0,17.0,17.0,16.0,16.0,15.0,15.0,15.0,15.0,33
dyonic,23.0,21,21.0,21.0,20.0,20.0,20.0,20.0,20.0,18.0,18.0,14.0,14.0,14.0,15.0,15.0,15.0,13.0,14.0,14.0,14.0,14.0,9.0,10.0,10.0,9.0,33
scft,6.0,6,12.0,12.0,12.0,14.0,16.0,17.0,17.0,18.0,23.0,23.0,23.0,23.0,23.0,25.0,26.0,27.0,29.0,29.0,29.0,29.0,29.0,29.0,27.0,27.0,33
quarkgluon,19.0,21,22.0,23.0,20.0,16.0,16.0,14.0,14.0,13.0,13.0,12.0,11.0,11.0,10.0,11.0,10.0,11.0,12.0,12.0,12.0,13.0,13.0,12.0,12.0,12.0,32
bispectrum,11.0,14,15.0,12.0,13.0,14.0,12.0,14.0,15.0,15.0,15.0,15.0,17.0,17.0,16.0,16.0,15.0,14.0,15.0,15.0,15.0,15.0,14.0,14.0,21.0,21.0,32
nexttoleading,22.0,21,21.0,20.0,18.0,18.0,18.0,19.0,16.0,16.0,16.0,16.0,13.0,15.0,13.0,12.0,13.0,14.0,13.0,14.0,14.0,15.0,15.0,15.0,13.0,11.0,32
worldline,14.0,15,15.0,17.0,16.0,18.0,21.0,24.0,24.0,24.0,24.0,23.0,21.0,21.0,22.0,23.0,23.0,22.0,23.0,21.0,23.0,23.0,23.0,21.0,20.0,18.0,32
bv,19.0,19,19.0,22.0,23.0,23.0,23.0,23.0,20.0,20.0,20.0,19.0,17.0,17.0,17.0,23.0,23.0,24.0,24.0,26.0,26.0,26.0,26.0,26.0,26.0,26.0,32
wavefunctions,14.0,14,16.0,16.0,15.0,17.0,15.0,15.0,16.0,18.0,19.0,17.0,16.0,18.0,19.0,18.0,16.0,16.0,18.0,17.0,17.0,16.0,16.0,16.0,16.0,15.0,32
baryonic,13.0,14,14.0,14.0,15.0,15.0,15.0,13.0,18.0,13.0,13.0,13.0,13.0,14.0,14.0,14.0,14.0,14.0,13.0,15.0,15.0,15.0,15.0,15.0,17.0,18.0,31
ryutakayanagi,8.0,7,6.0,5.0,10.0,11.0,11.0,12.0,13.0,13.0,13.0,13.0,12.0,13.0,13.0,13.0,13.0,15.0,17.0,21.0,22.0,22.0,21.0,21.0,21.0,22.0,31
quasiparticle,12.0,14,14.0,13.0,11.0,11.0,12.0,13.0,13.0,13.0,13.0,15.0,19.0,18.0,18.0,18.0,19.0,19.0,17.0,16.0,16.0,16.0,17.0,17.0,19.0,19.0,31
der,21.0,23,20.0,20.0,21.0,21.0,21.0,20.0,20.0,20.0,19.0,19.0,18.0,19.0,19.0,18.0,18.0,17.0,14.0,13.0,13.0,13.0,13.0,14.0,15.0,10.0,31
cauchy,15.0,15,15.0,13.0,10.0,10.0,11.0,11.0,9.0,13.0,14.0,14.0,16.0,18.0,17.0,18.0,18.0,19.0,19.0,18.0,18.0,18.0,18.0,18.0,18.0,18.0,31
nonfermi,21.0,17,14.0,14.0,15.0,15.0,13.0,14.0,14.0,14.0,14.0,17.0,17.0,16.0,17.0,15.0,16.0,16.0,16.0,16.0,13.0,13.0,12.0,12.0,10.0,10.0,31
etc,9.0,11,11.0,11.0,10.0,9.0,12.0,14.0,14.0,13.0,13.0,13.0,12.0,12.0,13.0,13.0,13.0,15.0,16.0,16.0,16.0,16.0,16.0,17.0,17.0,20.0,30
boseeinstein,19.0,19,19.0,18.0,17.0,17.0,16.0,17.0,16.0,15.0,15.0,16.0,15.0,13.0,14.0,13.0,14.0,14.0,14.0,15.0,13.0,13.0,13.0,13.0,15.0,11.0,30
hypermultiplet,11.0,13,13.0,14.0,18.0,15.0,15.0,13.0,18.0,18.0,19.0,19.0,19.0,20.0,20.0,20.0,20.0,19.0,19.0,19.0,19.0,18.0,19.0,20.0,21.0,19.0,30
realisation,12.0,14,15.0,15.0,17.0,17.0,18.0,18.0,17.0,19.0,18.0,18.0,17.0,17.0,17.0,17.0,17.0,19.0,18.0,19.0,20.0,19.0,22.0,22.0,22.0,21.0,30
stronger,18.0,17,18.0,16.0,16.0,17.0,19.0,18.0,18.0,17.0,16.0,16.0,14.0,14.0,16.0,17.0,17.0,15.0,15.0,15.0,14.0,14.0,15.0,15.0,14.0,12.0,30
aforementioned,16.0,16,17.0,17.0,16.0,17.0,17.0,16.0,16.0,16.0,16.0,14.0,11.0,11.0,11.0,11.0,11.0,12.0,13.0,13.0,13.0,13.0,15.0,15.0,15.0,14.0,30
sqcd,7.0,7,7.0,7.0,11.0,10.0,9.0,15.0,17.0,18.0,16.0,18.0,18.0,18.0,18.0,19.0,19.0,22.0,22.0,22.0,22.0,24.0,26.0,24.0,24.0,24.0,30
adimensional,15.0,15,14.0,14.0,14.0,14.0,14.0,14.0,16.0,14.0,14.0,13.0,13.0,13.0,13.0,13.0,13.0,11.0,11.0,12.0,13.0,12.0,13.0,13.0,13.0,13.0,30
hyperscaling,15.0,14,15.0,15.0,20.0,21.0,21.0,21.0,24.0,23.0,24.0,24.0,21.0,19.0,19.0,15.0,16.0,16.0,16.0,16.0,16.0,16.0,15.0,15.0,15.0,15.0,30
rr,17.0,17,17.0,15.0,16.0,15.0,15.0,19.0,14.0,14.0,14.0,12.0,12.0,12.0,8.0,8.0,8.0,8.0,9.0,9.0,9.0,9.0,11.0,11.0,10.0,12.0,29
friedmann,15.0,16,16.0,15.0,15.0,13.0,11.0,9.0,11.0,11.0,12.0,11.0,13.0,13.0,14.0,14.0,13.0,14.0,14.0,14.0,13.0,13.0,13.0,14.0,13.0,14.0,29
hopf,12.0,16,16.0,16.0,15.0,17.0,17.0,18.0,18.0,18.0,19.0,17.0,18.0,20.0,20.0,21.0,19.0,19.0,18.0,18.0,18.0,16.0,17.0,17.0,17.0,17.0,29
fock,10.0,12,11.0,11.0,10.0,12.0,12.0,14.0,13.0,13.0,14.0,14.0,17.0,18.0,16.0,14.0,14.0,15.0,16.0,15.0,18.0,18.0,18.0,18.0,17.0,20.0,29
bogoliubov,11.0,13,14.0,13.0,13.0,13.0,14.0,16.0,15.0,15.0,15.0,13.0,21.0,18.0,17.0,17.0,18.0,18.0,18.0,16.0,16.0,16.0,16.0,17.0,18.0,18.0,29
skyrmions,16.0,16,16.0,19.0,17.0,17.0,18.0,20.0,20.0,20.0,18.0,16.0,12.0,12.0,12.0,13.0,14.0,14.0,14.0,16.0,15.0,16.0,15.0,13.0,12.0,12.0,29
righthanded,14.0,15,14.0,13.0,15.0,17.0,16.0,16.0,15.0,14.0,15.0,14.0,15.0,16.0,17.0,17.0,17.0,16.0,16.0,16.0,18.0,17.0,18.0,17.0,18.0,18.0,29
sduality,17.0,18,20.0,22.0,22.0,22.0,21.0,16.0,16.0,16.0,17.0,17.0,17.0,10.0,10.0,10.0,10.0,10.0,10.0,10.0,10.0,9.0,9.0,10.0,12.0,11.0,29
otoc,13.0,13,13.0,3.0,3.0,3.0,3.0,3.0,2.0,2.0,2.0,2.0,2.0,6.0,6.0,8.0,8.0,8.0,8.0,9.0,13.0,15.0,15.0,15.0,17.0,16.0,29
supermultiplets,17.0,17,15.0,15.0,18.0,19.0,19.0,19.0,17.0,16.0,17.0,16.0,16.0,16.0,16.0,15.0,14.0,14.0,12.0,12.0,12.0,12.0,13.0,13.0,12.0,12.0,29
frw,8.0,8,11.0,11.0,12.0,17.0,15.0,16.0,16.0,16.0,16.0,15.0,16.0,16.0,17.0,16.0,17.0,17.0,16.0,17.0,18.0,19.0,20.0,20.0,20.0,19.0,29
dft,11.0,14,14.0,12.0,12.0,12.0,12.0,13.0,10.0,10.0,10.0,10.0,10.0,10.0,10.0,10.0,18.0,18.0,18.0,18.0,20.0,22.0,18.0,18.0,18.0,18.0,29
characterised,9.0,11,11.0,14.0,14.0,14.0,14.0,14.0,15.0,13.0,13.0,13.0,14.0,14.0,14.0,15.0,17.0,17.0,16.0,16.0,16.0,16.0,17.0,18.0,17.0,17.0,28
gribov,10.0,10,10.0,12.0,12.0,11.0,9.0,9.0,12.0,12.0,11.0,11.0,11.0,11.0,11.0,13.0,13.0,11.0,11.0,11.0,11.0,14.0,14.0,15.0,15.0,18.0,28
reissnernordstrom,11.0,11,11.0,11.0,10.0,10.0,10.0,10.0,10.0,10.0,10.0,10.0,11.0,11.0,15.0,15.0,15.0,16.0,16.0,17.0,16.0,15.0,16.0,17.0,16.0,17.0,28
desitter,16.0,16,15.0,15.0,20.0,20.0,18.0,17.0,18.0,18.0,19.0,19.0,18.0,16.0,15.0,15.0,13.0,13.0,13.0,12.0,12.0,12.0,11.0,10.0,10.0,12.0,28
sqrt,11.0,9,11.0,12.0,11.0,10.0,11.0,11.0,11.0,15.0,15.0,14.0,16.0,17.0,17.0,17.0,17.0,17.0,16.0,17.0,19.0,19.0,19.0,20.0,17.0,18.0,28
renormalizability,13.0,15,16.0,14.0,15.0,15.0,16.0,17.0,17.0,17.0,17.0,16.0,17.0,16.0,15.0,15.0,15.0,15.0,15.0,14.0,14.0,12.0,12.0,13.0,14.0,15.0,28
hadron,9.0,9,10.0,11.0,13.0,13.0,13.0,12.0,14.0,16.0,17.0,17.0,18.0,21.0,21.0,22.0,23.0,21.0,22.0,22.0,21.0,19.0,19.0,20.0,20.0,20.0,28
bao,10.0,9,9.0,9.0,9.0,9.0,9.0,13.0,16.0,13.0,14.0,13.0,14.0,11.0,11.0,14.0,14.0,14.0,15.0,15.0,15.0,15.0,15.0,18.0,18.0,17.0,28
wkb,11.0,12,12.0,11.0,11.0,13.0,13.0,13.0,13.0,13.0,13.0,13.0,12.0,12.0,13.0,14.0,14.0,13.0,13.0,14.0,18.0,19.0,19.0,17.0,17.0,17.0,28
isospin,9.0,11,11.0,10.0,10.0,11.0,11.0,11.0,12.0,12.0,12.0,12.0,10.0,10.0,11.0,12.0,12.0,14.0,14.0,18.0,18.0,19.0,22.0,23.0,22.0,19.0,28
cs,13.0,14,16.0,16.0,16.0,16.0,16.0,16.0,13.0,13.0,13.0,13.0,13.0,10.0,12.0,13.0,18.0,18.0,18.0,18.0,19.0,19.0,17.0,15.0,15.0,15.0,28
constantroll,18.0,18,18.0,18.0,13.0,13.0,13.0,15.0,15.0,15.0,15.0,15.0,20.0,20.0,23.0,23.0,23.0,22.0,16.0,16.0,16.0,13.0,13.0,13.0,12.0,10.0,28
threeloop,9.0,8,7.0,7.0,7.0,7.0,9.0,10.0,9.0,9.0,10.0,10.0,8.0,8.0,9.0,9.0,10.0,10.0,10.0,12.0,12.0,12.0,13.0,11.0,11.0,16.0,27
cf,24.0,23,22.0,22.0,21.0,21.0,21.0,21.0,15.0,15.0,15.0,15.0,15.0,15.0,14.0,13.0,13.0,13.0,12.0,13.0,13.0,10.0,10.0,7.0,7.0,3.0,27
eth,17.0,14,14.0,14.0,14.0,18.0,18.0,18.0,18.0,18.0,18.0,18.0,17.0,17.0,17.0,14.0,14.0,14.0,14.0,14.0,14.0,16.0,16.0,13.0,13.0,10.0,27
pbhs,15.0,15,15.0,12.0,8.0,8.0,8.0,8.0,5.0,5.0,2.0,2.0,2.0,2.0,1.0,3.0,7.0,7.0,7.0,7.0,11.0,11.0,11.0,11.0,11.0,12.0,27
cpt,14.0,14,15.0,15.0,15.0,15.0,15.0,14.0,13.0,13.0,13.0,13.0,13.0,13.0,13.0,13.0,13.0,9.0,9.0,4.0,9.0,12.0,12.0,12.0,12.0,13.0,27
lorentzviolating,11.0,11,11.0,8.0,7.0,10.0,10.0,8.0,9.0,9.0,10.0,10.0,9.0,10.0,11.0,11.0,12.0,13.0,14.0,14.0,14.0,14.0,15.0,15.0,15.0,16.0,27
isocurvature,10.0,10,8.0,9.0,9.0,9.0,8.0,5.0,5.0,5.0,5.0,4.0,4.0,5.0,5.0,7.0,7.0,8.0,8.0,8.0,8.0,10.0,10.0,10.0,17.0,17.0,27
nongaussian,10.0,11,11.0,11.0,11.0,11.0,10.0,11.0,11.0,10.0,10.0,9.0,10.0,11.0,10.0,10.0,10.0,10.0,11.0,12.0,12.0,17.0,16.0,15.0,17.0,17.0,27
argyresdouglas,17.0,17,17.0,21.0,21.0,19.0,17.0,17.0,17.0,17.0,16.0,11.0,12.0,12.0,12.0,11.0,11.0,11.0,13.0,13.0,12.0,12.0,12.0,13.0,12.0,12.0,27
chromodynamics,12.0,13,13.0,13.0,10.0,11.0,9.0,10.0,10.0,11.0,11.0,12.0,12.0,15.0,14.0,13.0,13.0,12.0,13.0,13.0,14.0,14.0,15.0,14.0,14.0,14.0,27
proca,14.0,13,12.0,11.0,11.0,11.0,9.0,7.0,7.0,10.0,12.0,12.0,11.0,12.0,11.0,11.0,12.0,12.0,12.0,14.0,14.0,16.0,16.0,16.0,14.0,14.0,27
dbi,10.0,10,9.0,8.0,6.0,9.0,9.0,10.0,12.0,12.0,12.0,11.0,10.0,10.0,10.0,14.0,14.0,18.0,18.0,20.0,21.0,21.0,17.0,17.0,17.0,17.0,27
twoform,16.0,15,15.0,15.0,15.0,13.0,15.0,14.0,14.0,14.0,13.0,13.0,10.0,10.0,9.0,10.0,10.0,12.0,11.0,10.0,11.0,11.0,10.0,10.0,9.0,9.0,27
ee,20.0,20,20.0,15.0,17.0,17.0,17.0,17.0,17.0,17.0,17.0,17.0,15.0,15.0,15.0,15.0,16.0,11.0,11.0,11.0,6.0,6.0,6.0,6.0,6.0,6.0,27
microstate,14.0,14,14.0,15.0,16.0,18.0,18.0,18.0,17.0,16.0,17.0,17.0,18.0,18.0,18.0,18.0,18.0,17.0,12.0,9.0,9.0,9.0,10.0,10.0,12.0,11.0,26
spt,14.0,12,9.0,8.0,10.0,10.0,8.0,10.0,8.0,8.0,8.0,8.0,9.0,9.0,9.0,9.0,9.0,9.0,9.0,13.0,13.0,14.0,13.0,10.0,10.0,12.0,26
bosonization,10.0,9,10.0,10.0,10.0,10.0,11.0,13.0,14.0,14.0,14.0,10.0,10.0,10.0,10.0,10.0,10.0,11.0,12.0,12.0,13.0,13.0,14.0,15.0,17.0,18.0,26
onepoint,9.0,7,9.0,8.0,8.0,8.0,7.0,7.0,7.0,7.0,7.0,7.0,7.0,8.0,8.0,9.0,9.0,14.0,14.0,15.0,17.0,16.0,16.0,16.0,16.0,18.0,26
selfinteraction,13.0,13,11.0,12.0,12.0,11.0,11.0,11.0,11.0,13.0,14.0,14.0,13.0,13.0,13.0,12.0,14.0,13.0,13.0,13.0,14.0,12.0,11.0,12.0,11.0,13.0,26
selfconsistent,13.0,13,10.0,10.0,10.0,11.0,11.0,12.0,13.0,13.0,11.0,10.0,10.0,11.0,10.0,10.0,9.0,9.0,10.0,12.0,13.0,13.0,12.0,13.0,13.0,14.0,26
timescale,17.0,16,15.0,15.0,15.0,15.0,15.0,14.0,13.0,13.0,13.0,8.0,9.0,9.0,9.0,9.0,13.0,13.0,14.0,14.0,14.0,10.0,9.0,8.0,8.0,9.0,26
waals,19.0,20,17.0,17.0,18.0,18.0,18.0,17.0,17.0,17.0,17.0,17.0,16.0,17.0,17.0,14.0,14.0,14.0,11.0,10.0,10.0,10.0,10.0,11.0,12.0,7.0,26
thematrix,7.0,9,10.0,16.0,17.0,17.0,16.0,16.0,17.0,18.0,18.0,18.0,19.0,19.0,19.0,19.0,19.0,19.0,19.0,17.0,17.0,16.0,16.0,18.0,18.0,18.0,26
hepth,15.0,14,14.0,14.0,13.0,13.0,11.0,11.0,11.0,11.0,10.0,10.0,10.0,10.0,11.0,11.0,11.0,4.0,5.0,6.0,7.0,4.0,7.0,11.0,11.0,11.0,26
holonomy,14.0,12,12.0,13.0,13.0,13.0,13.0,14.0,12.0,12.0,11.0,12.0,12.0,11.0,11.0,11.0,10.0,14.0,15.0,14.0,14.0,13.0,13.0,13.0,13.0,13.0,26
wald,9.0,10,9.0,9.0,9.0,9.0,9.0,11.0,12.0,12.0,12.0,12.0,15.0,15.0,16.0,15.0,15.0,15.0,18.0,16.0,17.0,18.0,17.0,17.0,16.0,16.0,26
gromovwitten,16.0,16,16.0,15.0,15.0,16.0,16.0,16.0,8.0,8.0,9.0,10.0,9.0,9.0,9.0,10.0,10.0,9.0,10.0,10.0,9.0,10.0,10.0,10.0,10.0,10.0,26
goldstino,17.0,17,16.0,12.0,13.0,13.0,11.0,11.0,12.0,12.0,12.0,14.0,13.0,13.0,13.0,13.0,13.0,13.0,14.0,14.0,14.0,14.0,10.0,9.0,9.0,9.0,26
threeform,15.0,15,14.0,11.0,11.0,11.0,11.0,10.0,10.0,10.0,10.0,9.0,9.0,9.0,7.0,8.0,8.0,10.0,12.0,11.0,12.0,14.0,9.0,9.0,9.0,10.0,25
wheelerdewitt,8.0,8,8.0,6.0,7.0,8.0,8.0,8.0,9.0,9.0,9.0,9.0,9.0,11.0,11.0,11.0,12.0,12.0,14.0,14.0,14.0,14.0,15.0,15.0,16.0,16.0,25
eigenstate,16.0,14,14.0,15.0,15.0,16.0,15.0,15.0,15.0,15.0,15.0,15.0,13.0,13.0,14.0,13.0,14.0,12.0,12.0,12.0,12.0,11.0,11.0,8.0,10.0,9.0,25
yangian,7.0,10,10.0,13.0,13.0,13.0,18.0,18.0,18.0,18.0,16.0,16.0,16.0,14.0,14.0,14.0,14.0,14.0,14.0,16.0,16.0,16.0,16.0,16.0,16.0,18.0,25
nonperturbatively,13.0,15,15.0,14.0,14.0,14.0,15.0,13.0,12.0,12.0,13.0,13.0,13.0,13.0,13.0,13.0,13.0,12.0,12.0,12.0,9.0,9.0,10.0,11.0,12.0,12.0,25
cp,17.0,17,16.0,16.0,15.0,16.0,16.0,16.0,18.0,17.0,17.0,16.0,17.0,13.0,13.0,13.0,13.0,12.0,12.0,9.0,10.0,10.0,9.0,10.0,10.0,9.0,25
sinegordon,12.0,12,11.0,11.0,9.0,9.0,10.0,10.0,10.0,11.0,6.0,6.0,5.0,5.0,5.0,5.0,7.0,7.0,8.0,8.0,9.0,9.0,11.0,12.0,12.0,12.0,25
oneparameter,17.0,18,17.0,16.0,17.0,17.0,17.0,18.0,17.0,17.0,15.0,15.0,15.0,14.0,14.0,14.0,13.0,12.0,12.0,11.0,10.0,10.0,8.0,8.0,8.0,8.0,25
vev,12.0,12,11.0,11.0,11.0,11.0,12.0,12.0,15.0,15.0,18.0,17.0,13.0,11.0,11.0,12.0,12.0,12.0,12.0,12.0,13.0,12.0,15.0,15.0,14.0,14.0,25
cartan,9.0,9,8.0,8.0,9.0,10.0,10.0,11.0,11.0,13.0,12.0,12.0,13.0,14.0,16.0,18.0,18.0,19.0,17.0,17.0,18.0,19.0,19.0,19.0,19.0,19.0,25
kerrnewman,15.0,15,14.0,13.0,14.0,14.0,12.0,13.0,13.0,12.0,12.0,6.0,7.0,7.0,7.0,9.0,9.0,9.0,8.0,10.0,10.0,11.0,11.0,11.0,11.0,11.0,25
nonlinearly,12.0,13,12.0,12.0,12.0,14.0,17.0,19.0,17.0,17.0,17.0,15.0,14.0,14.0,14.0,13.0,13.0,14.0,14.0,15.0,16.0,15.0,12.0,12.0,12.0,12.0,25
elevendimensional,13.0,12,12.0,10.0,12.0,13.0,12.0,14.0,14.0,14.0,14.0,13.0,13.0,13.0,13.0,13.0,14.0,18.0,18.0,18.0,18.0,18.0,16.0,15.0,13.0,12.0,25
vasiliev,20.0,20,18.0,18.0,18.0,20.0,19.0,19.0,19.0,19.0,19.0,19.0,19.0,19.0,19.0,18.0,18.0,8.0,8.0,7.0,6.0,6.0,6.0,6.0,5.0,5.0,25
palatini,14.0,14,14.0,14.0,14.0,16.0,16.0,14.0,14.0,14.0,14.0,13.0,14.0,14.0,14.0,14.0,14.0,13.0,12.0,12.0,10.0,12.0,8.0,8.0,8.0,10.0,24
singlefield,10.0,11,9.0,9.0,9.0,9.0,8.0,9.0,9.0,9.0,10.0,10.0,10.0,11.0,11.0,11.0,10.0,11.0,11.0,9.0,9.0,11.0,12.0,12.0,13.0,14.0,24
schur,11.0,11,11.0,13.0,13.0,11.0,10.0,10.0,11.0,11.0,11.0,11.0,10.0,11.0,12.0,11.0,10.0,11.0,11.0,12.0,13.0,13.0,13.0,13.0,13.0,13.0,24
penrose,13.0,13,13.0,12.0,14.0,12.0,11.0,11.0,11.0,11.0,11.0,10.0,12.0,11.0,11.0,11.0,11.0,11.0,11.0,12.0,12.0,12.0,10.0,10.0,11.0,12.0,24
codimension,10.0,10,9.0,9.0,9.0,10.0,8.0,9.0,10.0,10.0,10.0,11.0,12.0,12.0,12.0,12.0,11.0,11.0,11.0,16.0,16.0,13.0,14.0,14.0,15.0,16.0,24
selfinteracting,10.0,10,11.0,12.0,13.0,13.0,13.0,13.0,13.0,11.0,10.0,10.0,10.0,10.0,8.0,8.0,8.0,10.0,11.0,12.0,13.0,13.0,14.0,16.0,17.0,17.0,24
floquet,14.0,14,14.0,13.0,13.0,14.0,14.0,18.0,18.0,18.0,18.0,18.0,18.0,18.0,18.0,18.0,8.0,7.0,8.0,8.0,8.0,8.0,6.0,6.0,10.0,10.0,24
largescale,15.0,15,15.0,15.0,15.0,14.0,15.0,17.0,18.0,16.0,16.0,16.0,14.0,14.0,14.0,14.0,12.0,9.0,7.0,9.0,8.0,7.0,7.0,7.0,9.0,9.0,24
gibbs,11.0,11,12.0,12.0,11.0,12.0,14.0,14.0,14.0,14.0,12.0,13.0,13.0,18.0,18.0,17.0,18.0,18.0,17.0,14.0,14.0,14.0,13.0,15.0,15.0,13.0,24
grossneveu,13.0,16,16.0,16.0,17.0,17.0,17.0,17.0,16.0,17.0,16.0,14.0,14.0,13.0,13.0,13.0,14.0,14.0,14.0,15.0,15.0,15.0,15.0,16.0,14.0,11.0,24
einsteinmaxwell,12.0,11,11.0,11.0,11.0,13.0,13.0,12.0,13.0,12.0,13.0,12.0,14.0,14.0,15.0,15.0,15.0,14.0,13.0,13.0,13.0,13.0,13.0,14.0,12.0,12.0,24
poissonlie,16.0,16,14.0,14.0,14.0,14.0,14.0,14.0,13.0,12.0,12.0,12.0,11.0,10.0,10.0,6.0,6.0,6.0,5.0,5.0,5.0,5.0,7.0,7.0,7.0,6.0,24
infinitedimensional,16.0,16,16.0,16.0,17.0,18.0,18.0,18.0,17.0,16.0,16.0,16.0,13.0,13.0,13.0,11.0,11.0,8.0,6.0,6.0,6.0,7.0,8.0,8.0,8.0,8.0,24
landauginzburg,14.0,14,14.0,12.0,11.0,12.0,12.0,10.0,10.0,10.0,12.0,10.0,10.0,10.0,9.0,9.0,9.0,8.0,8.0,8.0,10.0,11.0,10.0,10.0,10.0,10.0,24
ng,10.0,10,10.0,8.0,9.0,7.0,7.0,7.0,4.0,4.0,4.0,4.0,4.0,8.0,7.0,7.0,8.0,8.0,6.0,11.0,14.0,14.0,14.0,14.0,14.0,14.0,24
qnec,14.0,19,19.0,19.0,19.0,14.0,14.0,14.0,10.0,10.0,10.0,10.0,10.0,10.0,11.0,11.0,11.0,11.0,15.0,15.0,15.0,15.0,15.0,15.0,15.0,10.0,24
textit,9.0,9,11.0,11.0,11.0,10.0,10.0,17.0,16.0,15.0,15.0,15.0,15.0,20.0,20.0,19.0,19.0,18.0,17.0,15.0,15.0,15.0,15.0,15.0,15.0,15.0,24
bessel,4.0,4,5.0,5.0,5.0,3.0,3.0,7.0,6.0,6.0,7.0,10.0,11.0,11.0,12.0,14.0,14.0,14.0,14.0,14.0,14.0,14.0,14.0,14.0,14.0,17.0,23
nsns,6.0,6,6.0,4.0,6.0,7.0,7.0,7.0,7.0,7.0,7.0,7.0,7.0,7.0,7.0,8.0,8.0,8.0,11.0,13.0,14.0,14.0,17.0,17.0,15.0,17.0,23
modelindependent,13.0,14,14.0,14.0,13.0,11.0,10.0,10.0,10.0,10.0,10.0,9.0,9.0,10.0,10.0,9.0,10.0,11.0,10.0,10.0,10.0,10.0,10.0,9.0,9.0,10.0,23
generalisation,9.0,7,10.0,12.0,11.0,11.0,13.0,13.0,14.0,14.0,14.0,15.0,15.0,15.0,13.0,13.0,13.0,13.0,13.0,14.0,14.0,14.0,12.0,12.0,14.0,14.0,23
pseudoscalar,15.0,15,15.0,13.0,13.0,14.0,15.0,14.0,13.0,14.0,14.0,12.0,9.0,8.0,8.0,8.0,8.0,7.0,7.0,7.0,7.0,7.0,6.0,6.0,6.0,9.0,23
biadjoint,11.0,10,10.0,10.0,10.0,10.0,10.0,11.0,9.0,9.0,9.0,9.0,9.0,8.0,12.0,11.0,11.0,11.0,11.0,12.0,11.0,11.0,11.0,11.0,11.0,12.0,23
nonhermitian,7.0,7,7.0,7.0,7.0,7.0,7.0,16.0,16.0,17.0,17.0,17.0,15.0,16.0,16.0,16.0,16.0,16.0,16.0,17.0,17.0,17.0,16.0,15.0,16.0,16.0,23
scaleinvariant,14.0,14,14.0,14.0,11.0,10.0,13.0,13.0,13.0,13.0,12.0,11.0,9.0,10.0,9.0,11.0,10.0,10.0,9.0,8.0,9.0,9.0,9.0,9.0,9.0,9.0,23
noninteracting,7.0,7,7.0,7.0,7.0,7.0,8.0,10.0,11.0,10.0,11.0,10.0,9.0,10.0,11.0,12.0,14.0,14.0,16.0,16.0,16.0,17.0,17.0,17.0,17.0,16.0,23
mhv,15.0,15,14.0,15.0,11.0,11.0,11.0,12.0,12.0,12.0,11.0,11.0,11.0,13.0,13.0,13.0,13.0,14.0,14.0,14.0,14.0,15.0,15.0,9.0,8.0,8.0,23
fracton,7.0,7,7.0,4.0,4.0,4.0,4.0,8.0,8.0,8.0,6.0,6.0,6.0,6.0,6.0,4.0,4.0,7.0,7.0,7.0,7.0,16.0,16.0,16.0,16.0,16.0,23
flrw,10.0,10,10.0,10.0,13.0,14.0,14.0,17.0,17.0,18.0,18.0,15.0,16.0,16.0,16.0,15.0,14.0,14.0,14.0,15.0,15.0,15.0,15.0,15.0,14.0,14.0,23
bfkl,16.0,16,16.0,16.0,9.0,9.0,9.0,9.0,9.0,9.0,6.0,6.0,6.0,7.0,7.0,8.0,12.0,12.0,9.0,9.0,9.0,7.0,7.0,7.0,7.0,7.0,23
multifield,10.0,10,10.0,8.0,8.0,9.0,9.0,9.0,10.0,10.0,8.0,8.0,6.0,6.0,7.0,9.0,8.0,8.0,7.0,7.0,7.0,8.0,8.0,8.0,8.0,12.0,22
comoving,12.0,13,14.0,14.0,14.0,13.0,13.0,13.0,13.0,13.0,13.0,12.0,11.0,11.0,12.0,12.0,12.0,12.0,12.0,12.0,12.0,11.0,11.0,11.0,10.0,10.0,22
superluminal,4.0,3,3.0,5.0,5.0,5.0,5.0,3.0,9.0,10.0,10.0,10.0,11.0,11.0,17.0,17.0,17.0,17.0,17.0,16.0,16.0,16.0,17.0,17.0,17.0,18.0,22
outoftimeordered,12.0,12,12.0,7.0,7.0,9.0,8.0,8.0,4.0,4.0,4.0,4.0,3.0,4.0,4.0,5.0,5.0,5.0,5.0,5.0,9.0,9.0,9.0,9.0,9.0,10.0,22
quantisation,8.0,8,8.0,9.0,9.0,9.0,11.0,11.0,13.0,13.0,13.0,13.0,10.0,10.0,10.0,11.0,11.0,11.0,12.0,10.0,10.0,9.0,10.0,10.0,11.0,14.0,22
selfenergy,9.0,9,9.0,7.0,8.0,8.0,8.0,7.0,7.0,7.0,6.0,6.0,7.0,6.0,7.0,6.0,5.0,12.0,12.0,12.0,13.0,13.0,12.0,11.0,11.0,13.0,22
ddimensional,6.0,6,7.0,7.0,8.0,10.0,13.0,12.0,11.0,11.0,13.0,13.0,13.0,13.0,13.0,14.0,14.0,14.0,14.0,15.0,16.0,16.0,16.0,14.0,14.0,14.0,22
supermultiplet,9.0,10,11.0,11.0,12.0,11.0,12.0,12.0,12.0,11.0,11.0,12.0,11.0,11.0,12.0,12.0,14.0,13.0,13.0,13.0,13.0,13.0,12.0,12.0,12.0,14.0,22
skyrmion,6.0,6,6.0,7.0,5.0,5.0,8.0,9.0,9.0,9.0,9.0,9.0,9.0,9.0,10.0,13.0,14.0,14.0,14.0,17.0,18.0,15.0,15.0,15.0,16.0,16.0,22
algebroid,7.0,8,8.0,5.0,5.0,5.0,5.0,6.0,6.0,6.0,6.0,6.0,6.0,6.0,6.0,6.0,11.0,16.0,17.0,16.0,16.0,15.0,15.0,15.0,16.0,15.0,22
sigmamodel,10.0,9,9.0,9.0,10.0,9.0,9.0,9.0,5.0,5.0,5.0,8.0,7.0,8.0,8.0,9.0,13.0,13.0,13.0,13.0,14.0,14.0,14.0,12.0,13.0,12.0,22
lightest,15.0,15,15.0,16.0,15.0,16.0,16.0,16.0,15.0,15.0,14.0,12.0,12.0,12.0,11.0,11.0,11.0,10.0,9.0,8.0,11.0,11.0,11.0,10.0,10.0,9.0,22
endpoint,11.0,11,11.0,11.0,10.0,10.0,10.0,11.0,9.0,10.0,10.0,9.0,9.0,11.0,11.0,13.0,13.0,12.0,12.0,11.0,11.0,10.0,10.0,10.0,11.0,11.0,22
nonnegative,16.0,16,16.0,15.0,14.0,13.0,14.0,13.0,12.0,11.0,10.0,8.0,7.0,7.0,7.0,8.0,8.0,6.0,6.0,7.0,7.0,6.0,5.0,5.0,6.0,6.0,22
ultralight,12.0,12,12.0,12.0,13.0,13.0,13.0,11.0,11.0,11.0,9.0,9.0,9.0,8.0,8.0,8.0,8.0,8.0,8.0,8.0,5.0,4.0,7.0,9.0,10.0,10.0,22
deconfined,14.0,14,14.0,14.0,16.0,15.0,15.0,13.0,13.0,15.0,14.0,14.0,12.0,12.0,10.0,9.0,9.0,9.0,9.0,9.0,9.0,10.0,9.0,9.0,8.0,8.0,22
qfts,11.0,11,10.0,13.0,13.0,8.0,8.0,7.0,6.0,5.0,5.0,5.0,5.0,5.0,5.0,5.0,5.0,7.0,7.0,9.0,12.0,12.0,11.0,11.0,11.0,11.0,22
disformal,8.0,8,8.0,8.0,8.0,8.0,8.0,8.0,16.0,16.0,16.0,16.0,20.0,20.0,20.0,20.0,17.0,17.0,15.0,16.0,16.0,15.0,15.0,15.0,14.0,14.0,22
eikonal,10.0,10,8.0,7.0,5.0,5.0,5.0,5.0,11.0,11.0,11.0,10.0,10.0,10.0,11.0,10.0,10.0,9.0,9.0,10.0,10.0,9.0,9.0,9.0,9.0,9.0,22
hadrons,16.0,16,17.0,16.0,14.0,8.0,8.0,8.0,7.0,8.0,8.0,8.0,8.0,8.0,9.0,9.0,9.0,9.0,9.0,9.0,9.0,7.0,7.0,7.0,7.0,6.0,22
schwingerdyson,10.0,9,9.0,12.0,12.0,12.0,12.0,12.0,13.0,11.0,8.0,8.0,9.0,9.0,11.0,12.0,12.0,12.0,12.0,13.0,13.0,12.0,12.0,12.0,11.0,11.0,21
realised,15.0,15,14.0,12.0,11.0,11.0,13.0,13.0,12.0,10.0,10.0,9.0,9.0,9.0,9.0,9.0,8.0,8.0,8.0,8.0,8.0,7.0,7.0,7.0,7.0,7.0,21
wilsonfisher,9.0,10,8.0,9.0,10.0,12.0,11.0,11.0,11.0,9.0,10.0,10.0,10.0,9.0,9.0,8.0,10.0,10.0,10.0,10.0,10.0,11.0,11.0,11.0,12.0,13.0,21
pointlike,15.0,15,12.0,12.0,12.0,13.0,14.0,14.0,12.0,14.0,14.0,14.0,14.0,13.0,13.0,13.0,12.0,11.0,11.0,10.0,10.0,10.0,10.0,10.0,9.0,8.0,21
efolds,13.0,12,12.0,11.0,11.0,11.0,12.0,13.0,13.0,12.0,12.0,13.0,13.0,13.0,13.0,14.0,14.0,14.0,14.0,14.0,13.0,11.0,11.0,11.0,12.0,9.0,21
finetuning,12.0,12,12.0,12.0,12.0,14.0,12.0,12.0,11.0,12.0,11.0,9.0,9.0,8.0,8.0,8.0,8.0,9.0,9.0,10.0,10.0,10.0,10.0,10.0,12.0,10.0,21
gravitationalwave,11.0,11,11.0,12.0,12.0,13.0,12.0,12.0,12.0,12.0,11.0,12.0,12.0,11.0,11.0,12.0,12.0,12.0,9.0,8.0,8.0,9.0,9.0,10.0,10.0,10.0,21
lightfront,11.0,12,12.0,12.0,9.0,9.0,9.0,9.0,9.0,9.0,12.0,10.0,12.0,12.0,13.0,14.0,15.0,11.0,11.0,11.0,11.0,11.0,11.0,10.0,10.0,10.0,21
thecdm,7.0,8,8.0,8.0,12.0,12.0,13.0,12.0,13.0,13.0,13.0,13.0,13.0,15.0,15.0,16.0,16.0,16.0,17.0,17.0,16.0,16.0,17.0,17.0,17.0,17.0,21
hyperkahler,12.0,10,10.0,10.0,16.0,15.0,15.0,14.0,14.0,13.0,13.0,13.0,13.0,13.0,13.0,13.0,13.0,13.0,11.0,11.0,13.0,13.0,12.0,12.0,11.0,9.0,21
starobinsky,12.0,12,13.0,13.0,12.0,12.0,12.0,9.0,10.0,10.0,10.0,11.0,12.0,12.0,12.0,11.0,11.0,11.0,11.0,10.0,12.0,12.0,12.0,12.0,9.0,9.0,21
greenschwarz,10.0,10,9.0,9.0,9.0,9.0,13.0,12.0,12.0,12.0,13.0,13.0,13.0,13.0,13.0,16.0,16.0,16.0,16.0,17.0,18.0,17.0,15.0,14.0,13.0,13.0,21
gaugefixing,14.0,14,14.0,16.0,16.0,16.0,14.0,13.0,13.0,14.0,14.0,13.0,11.0,10.0,10.0,11.0,12.0,12.0,12.0,9.0,9.0,7.0,7.0,7.0,7.0,7.0,21
sp,13.0,15,14.0,14.0,16.0,20.0,20.0,20.0,18.0,18.0,18.0,17.0,17.0,17.0,17.0,17.0,17.0,17.0,10.0,10.0,9.0,9.0,9.0,9.0,9.0,8.0,21
selfduality,8.0,9,10.0,11.0,10.0,10.0,10.0,10.0,12.0,11.0,10.0,10.0,10.0,10.0,11.0,11.0,12.0,10.0,9.0,9.0,10.0,10.0,10.0,10.0,11.0,12.0,20
langlands,14.0,14,14.0,14.0,15.0,15.0,15.0,16.0,16.0,13.0,13.0,13.0,4.0,2.0,2.0,2.0,2.0,2.0,2.0,2.0,3.0,3.0,4.0,4.0,5.0,6.0,20
supercurrent,9.0,10,10.0,10.0,12.0,13.0,17.0,17.0,17.0,17.0,17.0,17.0,17.0,17.0,17.0,17.0,15.0,15.0,13.0,13.0,13.0,12.0,12.0,12.0,9.0,11.0,20
supermanifold,7.0,7,7.0,8.0,8.0,6.0,5.0,4.0,6.0,6.0,6.0,11.0,11.0,11.0,11.0,11.0,11.0,11.0,11.0,11.0,11.0,11.0,11.0,10.0,11.0,11.0,20
selfinteractions,13.0,12,10.0,8.0,8.0,8.0,8.0,8.0,8.0,8.0,7.0,7.0,7.0,7.0,7.0,7.0,7.0,7.0,7.0,8.0,9.0,10.0,11.0,9.0,9.0,7.0,20
xxz,13.0,13,14.0,11.0,9.0,8.0,7.0,7.0,7.0,7.0,7.0,7.0,7.0,7.0,6.0,7.0,7.0,6.0,6.0,5.0,5.0,5.0,5.0,5.0,7.0,7.0,20
supertranslations,12.0,13,15.0,15.0,15.0,15.0,15.0,15.0,15.0,15.0,9.0,8.0,7.0,7.0,7.0,6.0,6.0,6.0,8.0,8.0,7.0,7.0,7.0,7.0,8.0,8.0,20
nambu,3.0,3,3.0,3.0,2.0,2.0,2.0,3.0,3.0,4.0,4.0,4.0,6.0,6.0,6.0,8.0,8.0,10.0,10.0,10.0,11.0,11.0,12.0,12.0,13.0,12.0,20
decoupled,7.0,7,7.0,7.0,6.0,7.0,11.0,12.0,12.0,12.0,12.0,11.0,10.0,10.0,10.0,10.0,10.0,11.0,12.0,11.0,12.0,12.0,12.0,12.0,12.0,12.0,20
eigenmodes,13.0,13,13.0,13.0,12.0,12.0,13.0,13.0,15.0,15.0,15.0,14.0,14.0,15.0,15.0,15.0,15.0,8.0,8.0,5.0,6.0,6.0,6.0,7.0,7.0,7.0,20
nogo,11.0,11,10.0,10.0,10.0,11.0,11.0,11.0,11.0,10.0,11.0,11.0,11.0,12.0,9.0,8.0,8.0,8.0,8.0,6.0,6.0,7.0,7.0,9.0,9.0,8.0,20
hodge,8.0,9,8.0,8.0,8.0,11.0,14.0,14.0,15.0,15.0,16.0,14.0,14.0,14.0,13.0,14.0,12.0,12.0,12.0,12.0,12.0,12.0,13.0,13.0,13.0,13.0,20
homotopy,3.0,3,3.0,3.0,11.0,13.0,13.0,13.0,14.0,14.0,16.0,15.0,16.0,16.0,16.0,14.0,15.0,15.0,15.0,15.0,15.0,15.0,16.0,16.0,16.0,16.0,20
rt,6.0,6,6.0,6.0,8.0,8.0,8.0,8.0,9.0,9.0,9.0,9.0,11.0,11.0,11.0,11.0,11.0,11.0,15.0,16.0,17.0,15.0,14.0,14.0,14.0,14.0,20
bayesian,12.0,12,12.0,14.0,14.0,13.0,11.0,12.0,12.0,11.0,11.0,10.0,10.0,9.0,9.0,9.0,6.0,6.0,6.0,6.0,5.0,9.0,9.0,9.0,9.0,8.0,20
onetoone,10.0,9,9.0,9.0,9.0,7.0,9.0,10.0,10.0,10.0,10.0,10.0,10.0,9.0,9.0,11.0,11.0,10.0,9.0,10.0,11.0,11.0,10.0,10.0,10.0,10.0,20
tqft,14.0,14,10.0,8.0,8.0,7.0,7.0,7.0,5.0,5.0,5.0,8.0,8.0,8.0,8.0,7.0,7.0,7.0,8.0,8.0,8.0,10.0,10.0,6.0,6.0,6.0,20
largest,7.0,7,7.0,7.0,8.0,8.0,8.0,8.0,7.0,8.0,8.0,8.0,7.0,7.0,7.0,8.0,8.0,7.0,7.0,8.0,11.0,13.0,12.0,12.0,12.0,12.0,20
ringdown,10.0,9,9.0,10.0,10.0,10.0,10.0,11.0,11.0,11.0,12.0,12.0,12.0,12.0,14.0,14.0,15.0,15.0,16.0,16.0,15.0,16.0,16.0,16.0,16.0,16.0,20
solitonic,9.0,9,7.0,7.0,8.0,9.0,10.0,10.0,11.0,11.0,11.0,11.0,12.0,12.0,13.0,12.0,12.0,11.0,12.0,14.0,14.0,14.0,14.0,12.0,11.0,10.0,20
quantummechanical,10.0,10,9.0,9.0,9.0,9.0,9.0,9.0,8.0,8.0,7.0,7.0,6.0,9.0,9.0,8.0,8.0,10.0,10.0,9.0,11.0,11.0,10.0,10.0,10.0,10.0,20
newtoncartan,8.0,6,6.0,6.0,6.0,6.0,9.0,10.0,10.0,10.0,9.0,10.0,12.0,14.0,14.0,11.0,11.0,11.0,11.0,11.0,13.0,12.0,12.0,12.0,12.0,12.0,20
hagedorn,13.0,14,14.0,14.0,14.0,11.0,11.0,11.0,10.0,10.0,10.0,9.0,6.0,5.0,4.0,4.0,3.0,4.0,2.0,7.0,7.0,7.0,7.0,7.0,7.0,7.0,20
weinberg,13.0,12,13.0,13.0,13.0,15.0,14.0,11.0,11.0,11.0,11.0,11.0,9.0,11.0,10.0,10.0,9.0,9.0,10.0,9.0,9.0,9.0,8.0,8.0,8.0,8.0,20
fractal,12.0,12,12.0,12.0,14.0,14.0,14.0,13.0,13.0,14.0,14.0,14.0,12.0,12.0,12.0,14.0,16.0,16.0,16.0,16.0,15.0,15.0,15.0,7.0,7.0,7.0,20
lqc,9.0,9,4.0,3.0,3.0,3.0,3.0,3.0,1.0,1.0,1.0,1.0,6.0,6.0,8.0,12.0,12.0,12.0,12.0,12.0,11.0,11.0,11.0,11.0,11.0,11.0,20
phasespace,14.0,14,14.0,16.0,16.0,16.0,17.0,17.0,16.0,16.0,18.0,17.0,17.0,17.0,15.0,15.0,15.0,14.0,12.0,12.0,12.0,12.0,11.0,10.0,10.0,9.0,20
painleve,7.0,10,10.0,10.0,10.0,10.0,10.0,11.0,12.0,12.0,11.0,11.0,11.0,11.0,11.0,11.0,11.0,11.0,11.0,11.0,12.0,12.0,13.0,13.0,12.0,13.0,19
selfforce,5.0,5,5.0,5.0,5.0,7.0,7.0,7.0,7.0,7.0,7.0,4.0,4.0,4.0,4.0,9.0,7.0,7.0,7.0,7.0,8.0,8.0,8.0,9.0,10.0,14.0,19
thermofield,13.0,14,14.0,13.0,14.0,14.0,14.0,13.0,13.0,13.0,13.0,13.0,13.0,12.0,12.0,12.0,11.0,8.0,9.0,8.0,8.0,7.0,5.0,5.0,5.0,7.0,19
wzw,5.0,5,5.0,5.0,5.0,6.0,6.0,4.0,7.0,7.0,6.0,7.0,8.0,8.0,8.0,8.0,7.0,9.0,10.0,10.0,11.0,11.0,11.0,11.0,13.0,13.0,19
heavylight,8.0,8,8.0,8.0,7.0,7.0,13.0,13.0,13.0,13.0,13.0,9.0,10.0,10.0,10.0,10.0,10.0,9.0,9.0,9.0,9.0,9.0,9.0,9.0,10.0,10.0,19
simeq,11.0,11,11.0,10.0,10.0,10.0,10.0,10.0,10.0,10.0,10.0,3.0,2.0,2.0,3.0,3.0,4.0,4.0,4.0,4.0,6.0,6.0,7.0,7.0,8.0,8.0,19
wgc,7.0,7,7.0,7.0,7.0,16.0,16.0,16.0,16.0,16.0,16.0,16.0,16.0,16.0,16.0,16.0,16.0,16.0,9.0,9.0,11.0,11.0,11.0,11.0,12.0,12.0,19
multiparticle,10.0,6,6.0,6.0,6.0,5.0,4.0,4.0,7.0,7.0,7.0,7.0,7.0,7.0,7.0,7.0,7.0,7.0,7.0,7.0,8.0,8.0,7.0,7.0,9.0,9.0,19
shortdistance,12.0,12,12.0,10.0,10.0,9.0,9.0,9.0,9.0,9.0,9.0,8.0,9.0,9.0,9.0,10.0,10.0,9.0,9.0,9.0,8.0,6.0,6.0,6.0,7.0,6.0,19
mathfrak,10.0,9,9.0,9.0,9.0,9.0,8.0,11.0,11.0,11.0,11.0,11.0,11.0,9.0,9.0,12.0,12.0,8.0,8.0,8.0,8.0,8.0,6.0,9.0,9.0,9.0,19
halfbps,6.0,8,9.0,9.0,10.0,10.0,10.0,13.0,15.0,15.0,15.0,15.0,14.0,13.0,13.0,13.0,14.0,14.0,14.0,13.0,13.0,14.0,15.0,15.0,14.0,13.0,19
tendimensional,8.0,10,10.0,10.0,11.0,10.0,10.0,12.0,12.0,12.0,12.0,12.0,12.0,12.0,13.0,13.0,13.0,12.0,12.0,13.0,14.0,15.0,13.0,13.0,13.0,13.0,19
pt,6.0,6,5.0,5.0,5.0,5.0,7.0,7.0,6.0,6.0,5.0,8.0,9.0,9.0,9.0,9.0,9.0,9.0,9.0,9.0,9.0,13.0,13.0,13.0,13.0,13.0,19
hov,10.0,8,8.0,8.0,8.0,8.0,8.0,5.0,5.0,5.0,7.0,6.0,8.0,8.0,8.0,8.0,7.0,9.0,11.0,11.0,10.0,10.0,10.0,10.0,9.0,9.0,19
ambitwistor,15.0,14,13.0,13.0,14.0,14.0,17.0,17.0,17.0,13.0,13.0,13.0,12.0,9.0,9.0,9.0,9.0,7.0,5.0,5.0,5.0,5.0,5.0,5.0,4.0,4.0,19
nohair,5.0,6,6.0,8.0,8.0,8.0,8.0,8.0,8.0,7.0,10.0,10.0,10.0,11.0,12.0,12.0,12.0,12.0,10.0,10.0,10.0,10.0,12.0,13.0,13.0,14.0,18
nearextremal,8.0,7,8.0,8.0,8.0,7.0,7.0,7.0,8.0,8.0,7.0,7.0,6.0,6.0,6.0,6.0,6.0,8.0,8.0,9.0,8.0,8.0,8.0,9.0,9.0,10.0,18
otocs,9.0,9,9.0,8.0,8.0,8.0,8.0,8.0,10.0,10.0,10.0,10.0,10.0,12.0,12.0,12.0,12.0,12.0,12.0,12.0,12.0,14.0,14.0,13.0,13.0,9.0,18
mssm,7.0,7,7.0,6.0,6.0,9.0,10.0,10.0,10.0,10.0,8.0,8.0,8.0,8.0,8.0,8.0,6.0,7.0,7.0,7.0,9.0,9.0,8.0,7.0,9.0,11.0,18
klein,13.0,13,14.0,14.0,14.0,14.0,14.0,15.0,15.0,15.0,15.0,13.0,13.0,13.0,13.0,6.0,7.0,7.0,6.0,6.0,4.0,3.0,3.0,4.0,4.0,5.0,18
tensorial,6.0,6,6.0,8.0,9.0,9.0,10.0,10.0,10.0,10.0,10.0,12.0,12.0,12.0,12.0,10.0,10.0,10.0,12.0,13.0,12.0,13.0,14.0,14.0,14.0,12.0,18
approx,6.0,6,7.0,6.0,6.0,7.0,7.0,7.0,7.0,9.0,9.0,9.0,9.0,9.0,9.0,9.0,10.0,11.0,11.0,10.0,10.0,10.0,9.0,9.0,10.0,11.0,18
drgt,8.0,8,8.0,8.0,8.0,8.0,8.0,8.0,9.0,9.0,7.0,7.0,14.0,13.0,13.0,13.0,13.0,13.0,9.0,9.0,10.0,10.0,10.0,10.0,9.0,10.0,18
gws,8.0,8,8.0,7.0,7.0,7.0,7.0,9.0,10.0,10.0,14.0,14.0,13.0,13.0,13.0,13.0,13.0,13.0,13.0,13.0,13.0,13.0,13.0,13.0,7.0,10.0,18
cohomological,8.0,7,6.0,7.0,7.0,8.0,8.0,8.0,8.0,8.0,9.0,11.0,11.0,12.0,12.0,13.0,13.0,13.0,12.0,12.0,12.0,12.0,12.0,12.0,11.0,10.0,18
bekenstein,7.0,7,6.0,4.0,4.0,6.0,6.0,7.0,8.0,7.0,7.0,7.0,9.0,9.0,9.0,9.0,10.0,10.0,10.0,11.0,11.0,11.0,11.0,11.0,12.0,12.0,18
bjorken,6.0,8,10.0,10.0,10.0,11.0,11.0,11.0,13.0,13.0,13.0,14.0,12.0,12.0,11.0,10.0,11.0,10.0,10.0,10.0,10.0,10.0,10.0,12.0,13.0,13.0,18
fourfermion,11.0,11,11.0,11.0,11.0,11.0,13.0,13.0,13.0,13.0,13.0,13.0,12.0,11.0,14.0,10.0,10.0,10.0,11.0,10.0,10.0,8.0,8.0,8.0,9.0,7.0,18
groundstate,10.0,10,9.0,10.0,8.0,6.0,4.0,4.0,4.0,4.0,4.0,4.0,4.0,4.0,2.0,3.0,3.0,3.0,3.0,3.0,3.0,3.0,3.0,3.0,7.0,7.0,18
pathintegral,5.0,5,5.0,5.0,4.0,5.0,5.0,6.0,6.0,6.0,6.0,7.0,8.0,10.0,10.0,10.0,10.0,10.0,11.0,11.0,11.0,11.0,15.0,14.0,14.0,14.0,18
nonunitary,7.0,7,9.0,10.0,12.0,10.0,11.0,11.0,11.0,11.0,10.0,10.0,10.0,10.0,12.0,12.0,13.0,12.0,12.0,12.0,12.0,11.0,12.0,12.0,12.0,11.0,18
orientifold,13.0,13,14.0,15.0,16.0,16.0,16.0,14.0,14.0,13.0,13.0,10.0,10.0,10.0,10.0,9.0,9.0,8.0,6.0,6.0,4.0,4.0,6.0,6.0,6.0,5.0,18
rewritten,6.0,8,8.0,8.0,8.0,8.0,8.0,9.0,10.0,11.0,11.0,11.0,12.0,12.0,12.0,12.0,12.0,12.0,11.0,12.0,12.0,13.0,13.0,13.0,13.0,11.0,18
oscillons,6.0,9,9.0,9.0,12.0,15.0,15.0,15.0,13.0,13.0,13.0,14.0,14.0,14.0,14.0,14.0,14.0,12.0,12.0,12.0,14.0,14.0,14.0,12.0,12.0,12.0,18
dterm,10.0,10,10.0,10.0,10.0,10.0,9.0,12.0,12.0,8.0,8.0,10.0,10.0,10.0,9.0,7.0,7.0,7.0,7.0,7.0,8.0,8.0,8.0,8.0,8.0,8.0,18
yb,11.0,11,6.0,6.0,6.0,6.0,6.0,6.0,6.0,6.0,6.0,6.0,6.0,6.0,3.0,3.0,3.0,3.0,3.0,9.0,10.0,10.0,10.0,10.0,7.0,7.0,18
selfadjoint,10.0,11,11.0,11.0,11.0,11.0,11.0,11.0,11.0,11.0,10.0,10.0,10.0,10.0,10.0,7.0,9.0,11.0,11.0,7.0,8.0,7.0,7.0,7.0,7.0,7.0,18
rmatrix,16.0,12,11.0,9.0,9.0,8.0,8.0,7.0,6.0,6.0,6.0,6.0,6.0,6.0,6.0,6.0,2.0,2.0,2.0,2.0,2.0,2.0,2.0,2.0,2.0,2.0,18
mathematica,11.0,12,9.0,10.0,10.0,10.0,10.0,11.0,11.0,11.0,10.0,10.0,9.0,9.0,9.0,10.0,11.0,9.0,8.0,8.0,8.0,6.0,6.0,6.0,6.0,6.0,18
postnewtonian,14.0,14,13.0,11.0,11.0,10.0,10.0,10.0,9.0,9.0,9.0,9.0,9.0,9.0,9.0,9.0,9.0,10.0,10.0,10.0,9.0,9.0,9.0,4.0,4.0,4.0,18
twoparticle,7.0,7,9.0,9.0,9.0,9.0,8.0,7.0,8.0,11.0,12.0,12.0,11.0,11.0,11.0,12.0,12.0,13.0,13.0,13.0,13.0,12.0,11.0,11.0,11.0,11.0,18
calogero,12.0,10,9.0,9.0,9.0,10.0,7.0,7.0,7.0,6.0,6.0,6.0,6.0,6.0,6.0,6.0,8.0,8.0,8.0,8.0,8.0,6.0,6.0,6.0,6.0,6.0,18
thedimensional,12.0,13,12.0,13.0,13.0,13.0,12.0,12.0,10.0,10.0,10.0,11.0,10.0,11.0,11.0,11.0,13.0,12.0,8.0,7.0,7.0,7.0,7.0,7.0,6.0,6.0,18
freezeout,8.0,8,8.0,8.0,8.0,3.0,3.0,3.0,5.0,5.0,5.0,3.0,8.0,8.0,8.0,10.0,10.0,10.0,10.0,10.0,10.0,10.0,10.0,10.0,10.0,10.0,18
broader,11.0,11,11.0,11.0,12.0,12.0,12.0,13.0,13.0,13.0,13.0,12.0,13.0,12.0,12.0,12.0,11.0,9.0,9.0,7.0,7.0,6.0,6.0,6.0,6.0,6.0,17
racah,1.0,1,2.0,3.0,5.0,5.0,7.0,9.0,9.0,9.0,9.0,9.0,9.0,14.0,14.0,14.0,14.0,14.0,14.0,14.0,14.0,13.0,13.0,13.0,13.0,16.0,17
ramond,5.0,5,5.0,5.0,5.0,3.0,4.0,9.0,9.0,9.0,9.0,9.0,10.0,10.0,10.0,10.0,11.0,11.0,11.0,11.0,10.0,10.0,12.0,12.0,11.0,12.0,17
nontrivially,9.0,9,9.0,9.0,8.0,8.0,7.0,7.0,7.0,7.0,6.0,5.0,6.0,6.0,6.0,7.0,8.0,8.0,8.0,8.0,10.0,8.0,8.0,8.0,7.0,8.0,17
thedeformed,5.0,5,5.0,5.0,5.0,6.0,6.0,6.0,6.0,6.0,7.0,7.0,7.0,9.0,5.0,5.0,5.0,4.0,4.0,4.0,4.0,4.0,4.0,4.0,11.0,12.0,17
maldacena,4.0,8,8.0,8.0,8.0,8.0,9.0,9.0,8.0,8.0,7.0,7.0,7.0,8.0,9.0,9.0,9.0,10.0,11.0,11.0,11.0,12.0,12.0,12.0,12.0,13.0,17
selfcontained,9.0,9,8.0,8.0,8.0,8.0,8.0,8.0,8.0,8.0,8.0,8.0,9.0,8.0,8.0,8.0,9.0,9.0,9.0,9.0,9.0,9.0,9.0,6.0,6.0,7.0,17
quasilocal,9.0,9,8.0,6.0,5.0,5.0,5.0,7.0,7.0,7.0,7.0,7.0,7.0,8.0,8.0,9.0,9.0,8.0,8.0,8.0,9.0,9.0,9.0,8.0,6.0,8.0,17
gibbonshawking,8.0,8,8.0,8.0,8.0,7.0,7.0,8.0,8.0,8.0,8.0,8.0,8.0,9.0,9.0,9.0,10.0,11.0,9.0,9.0,9.0,10.0,8.0,8.0,7.0,9.0,17
frobenius,11.0,11,12.0,12.0,10.0,10.0,6.0,7.0,7.0,7.0,7.0,7.0,7.0,10.0,10.0,10.0,9.0,8.0,8.0,8.0,8.0,7.0,7.0,7.0,8.0,7.0,17
thirdorder,8.0,8,8.0,12.0,12.0,12.0,11.0,12.0,13.0,13.0,12.0,12.0,10.0,10.0,10.0,10.0,10.0,10.0,9.0,9.0,9.0,9.0,8.0,8.0,9.0,9.0,17
boundstate,5.0,7,8.0,6.0,6.0,5.0,5.0,5.0,5.0,5.0,5.0,5.0,5.0,5.0,5.0,5.0,5.0,5.0,5.0,5.0,7.0,6.0,6.0,7.0,8.0,8.0,17
schwingerkeldysh,5.0,5,5.0,5.0,3.0,3.0,7.0,7.0,6.0,6.0,6.0,6.0,6.0,5.0,5.0,5.0,5.0,5.0,5.0,5.0,7.0,9.0,9.0,11.0,12.0,12.0,17
heavyion,6.0,6,6.0,6.0,6.0,5.0,6.0,6.0,8.0,7.0,7.0,8.0,7.0,7.0,8.0,9.0,10.0,10.0,10.0,10.0,10.0,11.0,10.0,9.0,10.0,10.0,17
bottomup,7.0,7,7.0,8.0,8.0,8.0,8.0,7.0,7.0,8.0,8.0,8.0,7.0,8.0,8.0,9.0,11.0,10.0,9.0,9.0,10.0,10.0,9.0,10.0,10.0,10.0,17
strongcoupling,6.0,5,5.0,5.0,5.0,5.0,9.0,10.0,8.0,8.0,8.0,9.0,9.0,10.0,12.0,11.0,12.0,12.0,12.0,12.0,11.0,11.0,10.0,11.0,11.0,11.0,17
mathbf,4.0,4,7.0,7.0,7.0,7.0,7.0,7.0,7.0,7.0,7.0,7.0,7.0,5.0,5.0,5.0,5.0,5.0,5.0,5.0,5.0,5.0,15.0,15.0,13.0,13.0,17
schr,8.0,9,8.0,9.0,9.0,9.0,9.0,10.0,10.0,10.0,10.0,10.0,10.0,10.0,10.0,11.0,11.0,10.0,11.0,11.0,11.0,12.0,14.0,14.0,14.0,10.0,17
selfgravitating,7.0,7,7.0,7.0,8.0,10.0,10.0,11.0,11.0,11.0,11.0,11.0,11.0,11.0,11.0,11.0,12.0,12.0,12.0,13.0,13.0,13.0,12.0,11.0,9.0,9.0,17
arxiv,9.0,9,8.0,8.0,8.0,8.0,9.0,9.0,9.0,9.0,5.0,5.0,5.0,6.0,6.0,6.0,8.0,7.0,6.0,7.0,7.0,6.0,9.0,9.0,8.0,8.0,17
eos,12.0,12,13.0,15.0,15.0,14.0,14.0,12.0,12.0,12.0,12.0,12.0,12.0,12.0,12.0,12.0,11.0,11.0,9.0,8.0,10.0,10.0,5.0,5.0,5.0,5.0,17
grassmannian,9.0,9,8.0,9.0,10.0,7.0,8.0,8.0,10.0,9.0,9.0,9.0,9.0,9.0,9.0,9.0,8.0,7.0,8.0,8.0,9.0,9.0,9.0,8.0,8.0,8.0,17
leadingorder,8.0,8,9.0,8.0,10.0,10.0,10.0,9.0,9.0,9.0,9.0,9.0,8.0,8.0,10.0,10.0,10.0,11.0,11.0,13.0,12.0,12.0,11.0,11.0,11.0,9.0,17
lqg,8.0,8,11.0,11.0,11.0,11.0,11.0,10.0,9.0,9.0,9.0,3.0,3.0,5.0,5.0,5.0,7.0,9.0,9.0,9.0,9.0,9.0,9.0,9.0,9.0,9.0,17
smarr,14.0,12,12.0,13.0,13.0,12.0,10.0,10.0,11.0,9.0,8.0,8.0,8.0,8.0,7.0,7.0,8.0,8.0,8.0,8.0,8.0,8.0,8.0,6.0,3.0,3.0,17
lv,14.0,14,14.0,14.0,14.0,4.0,4.0,4.0,4.0,4.0,4.0,1.0,1.0,1.0,1.0,1.0,3.0,3.0,3.0,3.0,3.0,3.0,3.0,3.0,3.0,3.0,17
fourloop,10.0,10,10.0,12.0,12.0,11.0,12.0,14.0,14.0,14.0,14.0,14.0,11.0,8.0,8.0,8.0,9.0,9.0,9.0,8.0,8.0,7.0,7.0,7.0,7.0,7.0,17
subluminal,6.0,6,6.0,6.0,6.0,6.0,6.0,4.0,10.0,10.0,10.0,10.0,10.0,10.0,15.0,14.0,14.0,14.0,12.0,11.0,11.0,11.0,11.0,11.0,11.0,11.0,17
quasitopological,13.0,13,11.0,11.0,11.0,11.0,11.0,11.0,11.0,11.0,11.0,11.0,11.0,15.0,15.0,15.0,8.0,8.0,8.0,8.0,8.0,8.0,6.0,6.0,6.0,4.0,17
iv,9.0,9,8.0,8.0,8.0,8.0,7.0,7.0,7.0,6.0,6.0,4.0,5.0,8.0,7.0,7.0,7.0,7.0,6.0,6.0,7.0,7.0,7.0,6.0,7.0,7.0,16
outoftimeorder,4.0,4,4.0,4.0,4.0,4.0,6.0,6.0,6.0,6.0,6.0,6.0,6.0,6.0,6.0,6.0,9.0,8.0,8.0,9.0,9.0,12.0,12.0,11.0,11.0,12.0,16
nekrasov,7.0,8,9.0,10.0,11.0,12.0,12.0,13.0,13.0,13.0,12.0,12.0,12.0,12.0,12.0,12.0,12.0,12.0,11.0,11.0,10.0,10.0,11.0,9.0,9.0,8.0,16
rmt,7.0,7,7.0,7.0,7.0,6.0,6.0,6.0,6.0,6.0,6.0,6.0,6.0,6.0,6.0,6.0,6.0,6.0,6.0,6.0,6.0,6.0,6.0,6.0,6.0,9.0,16
jt,3.0,3,3.0,3.0,3.0,3.0,3.0,2.0,2.0,2.0,2.0,2.0,2.0,2.0,3.0,3.0,8.0,10.0,10.0,10.0,10.0,10.0,11.0,11.0,11.0,13.0,16
selfaccelerating,5.0,7,7.0,7.0,7.0,7.0,7.0,8.0,8.0,7.0,7.0,7.0,7.0,7.0,7.0,7.0,7.0,7.0,4.0,4.0,4.0,4.0,6.0,6.0,6.0,10.0,16
gases,4.0,4,5.0,4.0,5.0,5.0,5.0,9.0,9.0,9.0,9.0,10.0,10.0,10.0,10.0,10.0,10.0,10.0,10.0,12.0,11.0,11.0,11.0,11.0,11.0,12.0,16
transseries,6.0,5,5.0,5.0,5.0,8.0,8.0,8.0,8.0,8.0,8.0,8.0,8.0,8.0,8.0,9.0,9.0,12.0,13.0,13.0,13.0,13.0,8.0,8.0,8.0,10.0,16
weaker,9.0,9,9.0,8.0,8.0,7.0,7.0,7.0,7.0,7.0,8.0,8.0,8.0,7.0,7.0,7.0,6.0,7.0,7.0,8.0,8.0,9.0,8.0,7.0,7.0,7.0,16
offdiagonal,3.0,4,4.0,5.0,5.0,6.0,6.0,7.0,6.0,6.0,6.0,5.0,5.0,5.0,5.0,7.0,7.0,8.0,9.0,9.0,9.0,9.0,9.0,9.0,12.0,13.0,16
wavelengths,5.0,6,7.0,7.0,8.0,8.0,7.0,7.0,7.0,7.0,7.0,11.0,11.0,11.0,11.0,13.0,13.0,13.0,13.0,13.0,13.0,13.0,12.0,12.0,11.0,12.0,16
lesssim,2.0,3,3.0,3.0,3.0,4.0,4.0,4.0,4.0,4.0,4.0,10.0,10.0,12.0,11.0,11.0,12.0,12.0,12.0,12.0,12.0,12.0,12.0,12.0,14.0,14.0,16
symmetrybreaking,7.0,6,5.0,5.0,3.0,3.0,3.0,3.0,3.0,4.0,5.0,5.0,5.0,5.0,5.0,5.0,5.0,5.0,5.0,4.0,7.0,8.0,7.0,7.0,9.0,9.0,16
nonbps,6.0,6,6.0,6.0,6.0,6.0,6.0,4.0,4.0,5.0,6.0,6.0,7.0,9.0,9.0,9.0,9.0,9.0,9.0,9.0,8.0,9.0,8.0,9.0,10.0,10.0,16
longwavelength,8.0,9,9.0,8.0,7.0,8.0,8.0,9.0,9.0,7.0,7.0,7.0,7.0,7.0,7.0,7.0,7.0,7.0,6.0,7.0,9.0,8.0,8.0,8.0,9.0,9.0,16
compton,8.0,10,9.0,9.0,9.0,9.0,6.0,6.0,7.0,8.0,8.0,8.0,9.0,9.0,9.0,9.0,9.0,7.0,7.0,7.0,7.0,8.0,8.0,8.0,9.0,8.0,16
ofdimensional,7.0,5,4.0,4.0,3.0,3.0,1.0,2.0,3.0,3.0,3.0,3.0,4.0,6.0,6.0,6.0,7.0,7.0,7.0,7.0,7.0,7.0,8.0,9.0,9.0,9.0,16
quarkonia,8.0,8,8.0,7.0,6.0,8.0,6.0,6.0,6.0,6.0,6.0,6.0,6.0,6.0,8.0,10.0,10.0,11.0,11.0,11.0,11.0,11.0,11.0,12.0,8.0,8.0,16
versa,5.0,5,6.0,6.0,6.0,6.0,6.0,7.0,7.0,7.0,7.0,7.0,7.0,7.0,7.0,8.0,8.0,8.0,8.0,8.0,8.0,9.0,9.0,10.0,10.0,10.0,16
finitesize,5.0,5,5.0,6.0,6.0,6.0,7.0,8.0,8.0,8.0,7.0,7.0,7.0,7.0,7.0,9.0,9.0,9.0,9.0,8.0,8.0,10.0,10.0,12.0,12.0,10.0,16
smallest,8.0,7,8.0,9.0,9.0,9.0,9.0,8.0,7.0,7.0,7.0,8.0,8.0,8.0,9.0,10.0,10.0,9.0,8.0,7.0,7.0,7.0,8.0,8.0,8.0,8.0,16
qgp,3.0,3,3.0,3.0,3.0,3.0,4.0,4.0,7.0,7.0,7.0,7.0,7.0,7.0,7.0,10.0,10.0,10.0,12.0,11.0,11.0,14.0,15.0,13.0,13.0,13.0,16
kms,6.0,6,6.0,6.0,6.0,6.0,6.0,6.0,4.0,4.0,7.0,7.0,7.0,8.0,8.0,7.0,4.0,6.0,6.0,6.0,6.0,6.0,10.0,10.0,10.0,10.0,16
spinless,10.0,10,10.0,10.0,9.0,9.0,8.0,8.0,6.0,6.0,7.0,7.0,7.0,7.0,8.0,9.0,9.0,8.0,8.0,7.0,8.0,9.0,9.0,8.0,7.0,7.0,16
superpotentials,10.0,10,10.0,10.0,10.0,11.0,12.0,12.0,12.0,13.0,13.0,13.0,11.0,11.0,11.0,10.0,11.0,12.0,12.0,11.0,8.0,9.0,9.0,8.0,6.0,6.0,16
abj,10.0,10,10.0,11.0,11.0,11.0,11.0,11.0,11.0,11.0,11.0,11.0,9.0,9.0,9.0,9.0,10.0,4.0,4.0,4.0,5.0,5.0,5.0,5.0,5.0,5.0,16
mordellweil,1.0,1,1.0,1.0,1.0,3.0,3.0,4.0,4.0,4.0,4.0,4.0,5.0,6.0,6.0,13.0,13.0,15.0,15.0,15.0,15.0,15.0,15.0,15.0,15.0,15.0,16
sinhgordon,6.0,6,8.0,10.0,10.0,7.0,8.0,9.0,9.0,9.0,9.0,8.0,8.0,8.0,8.0,11.0,11.0,11.0,12.0,11.0,11.0,11.0,10.0,10.0,10.0,10.0,16
randallsundrum,8.0,8,7.0,8.0,8.0,9.0,8.0,8.0,8.0,8.0,8.0,10.0,10.0,9.0,9.0,9.0,9.0,9.0,9.0,9.0,9.0,8.0,8.0,7.0,7.0,7.0,16
snyder,1.0,4,4.0,7.0,13.0,13.0,13.0,13.0,13.0,13.0,13.0,13.0,13.0,13.0,13.0,13.0,13.0,13.0,16.0,15.0,15.0,15.0,15.0,15.0,15.0,15.0,16
firewall,12.0,12,10.0,10.0,10.0,10.0,10.0,10.0,8.0,8.0,8.0,7.0,7.0,7.0,8.0,8.0,9.0,8.0,7.0,7.0,7.0,7.0,7.0,7.0,7.0,7.0,16
heavier,8.0,8,8.0,8.0,9.0,10.0,10.0,9.0,8.0,8.0,8.0,9.0,8.0,8.0,7.0,7.0,8.0,9.0,9.0,9.0,8.0,8.0,8.0,8.0,8.0,8.0,16
exceeds,10.0,10,12.0,12.0,11.0,11.0,11.0,11.0,9.0,9.0,9.0,9.0,9.0,8.0,7.0,6.0,7.0,7.0,7.0,7.0,7.0,6.0,5.0,5.0,5.0,5.0,16
waveform,9.0,9,8.0,10.0,9.0,9.0,9.0,10.0,10.0,9.0,9.0,9.0,9.0,9.0,10.0,12.0,13.0,13.0,13.0,13.0,11.0,11.0,11.0,11.0,11.0,11.0,16
meanfield,13.0,13,13.0,13.0,13.0,13.0,13.0,14.0,14.0,14.0,14.0,11.0,9.0,8.0,8.0,7.0,8.0,7.0,7.0,5.0,3.0,3.0,3.0,3.0,3.0,3.0,16
raritaschwinger,8.0,7,7.0,7.0,7.0,10.0,10.0,12.0,12.0,12.0,12.0,12.0,13.0,13.0,11.0,11.0,11.0,11.0,11.0,11.0,10.0,10.0,10.0,10.0,9.0,9.0,16
cy,8.0,8,11.0,11.0,8.0,8.0,4.0,4.0,4.0,4.0,8.0,9.0,9.0,9.0,9.0,9.0,9.0,9.0,9.0,9.0,9.0,9.0,9.0,9.0,9.0,9.0,16
generalise,12.0,12,13.0,13.0,12.0,11.0,11.0,11.0,11.0,11.0,12.0,12.0,12.0,11.0,11.0,11.0,11.0,11.0,11.0,9.0,9.0,8.0,8.0,7.0,7.0,5.0,16
timedependence,5.0,6,6.0,7.0,7.0,6.0,6.0,6.0,7.0,7.0,7.0,6.0,5.0,5.0,5.0,5.0,5.0,5.0,6.0,6.0,6.0,6.0,8.0,8.0,8.0,10.0,15
gb,12.0,12,12.0,12.0,12.0,12.0,12.0,12.0,12.0,12.0,12.0,12.0,8.0,2.0,2.0,2.0,2.0,2.0,2.0,2.0,0.0,0.0,0.0,1.0,1.0,3.0,15
singletrace,7.0,7,7.0,6.0,6.0,6.0,8.0,8.0,8.0,8.0,8.0,8.0,8.0,8.0,8.0,8.0,8.0,8.0,8.0,8.0,6.0,5.0,5.0,7.0,5.0,7.0,15
cardy,7.0,7,7.0,7.0,8.0,10.0,10.0,10.0,10.0,10.0,10.0,10.0,8.0,8.0,9.0,9.0,9.0,9.0,9.0,7.0,8.0,8.0,8.0,8.0,8.0,9.0,15
schwarzschildde,6.0,7,7.0,5.0,4.0,4.0,5.0,5.0,6.0,6.0,6.0,5.0,5.0,5.0,5.0,5.0,5.0,5.0,5.0,5.0,5.0,6.0,6.0,8.0,9.0,9.0,15
pomeron,5.0,6,11.0,11.0,11.0,11.0,11.0,11.0,11.0,9.0,10.0,10.0,10.0,10.0,10.0,10.0,12.0,12.0,12.0,12.0,12.0,12.0,9.0,9.0,10.0,10.0,15
langevin,6.0,6,6.0,6.0,7.0,7.0,7.0,9.0,8.0,8.0,8.0,7.0,7.0,7.0,7.0,5.0,5.0,7.0,8.0,7.0,8.0,8.0,8.0,8.0,9.0,9.0,15
cv,6.0,6,6.0,6.0,6.0,6.0,8.0,8.0,8.0,10.0,10.0,10.0,10.0,10.0,10.0,10.0,10.0,10.0,11.0,12.0,12.0,11.0,7.0,7.0,9.0,9.0,15
axionlike,11.0,11,11.0,11.0,8.0,8.0,10.0,10.0,10.0,10.0,10.0,10.0,9.0,8.0,8.0,7.0,7.0,6.0,6.0,6.0,6.0,4.0,4.0,4.0,5.0,5.0,15
endpoints,7.0,7,6.0,6.0,6.0,7.0,7.0,8.0,9.0,11.0,10.0,9.0,9.0,9.0,8.0,9.0,9.0,8.0,8.0,8.0,8.0,8.0,8.0,7.0,8.0,8.0,15
verlinde,10.0,9,9.0,9.0,9.0,9.0,9.0,8.0,8.0,8.0,8.0,8.0,8.0,9.0,8.0,9.0,8.0,8.0,7.0,6.0,6.0,6.0,4.0,5.0,5.0,5.0,15
einsteingaussbonnet,9.0,8,7.0,7.0,8.0,8.0,8.0,7.0,8.0,8.0,8.0,8.0,8.0,7.0,7.0,7.0,5.0,5.0,6.0,5.0,4.0,4.0,4.0,5.0,5.0,5.0,15
halfmaximal,10.0,10,10.0,10.0,10.0,10.0,10.0,10.0,8.0,4.0,4.0,3.0,3.0,3.0,4.0,4.0,4.0,4.0,4.0,4.0,6.0,4.0,3.0,5.0,5.0,5.0,15
lefthanded,7.0,8,9.0,9.0,9.0,8.0,10.0,10.0,10.0,10.0,13.0,13.0,13.0,13.0,12.0,12.0,12.0,12.0,12.0,12.0,12.0,12.0,11.0,11.0,11.0,11.0,15
dinger,8.0,9,8.0,9.0,9.0,9.0,9.0,10.0,10.0,10.0,10.0,10.0,10.0,10.0,10.0,10.0,10.0,9.0,10.0,10.0,10.0,10.0,12.0,12.0,12.0,8.0,15
parameterized,7.0,8,8.0,9.0,8.0,8.0,9.0,9.0,9.0,9.0,9.0,9.0,9.0,9.0,9.0,10.0,10.0,12.0,12.0,11.0,11.0,10.0,10.0,9.0,9.0,8.0,15
shortrange,7.0,8,7.0,7.0,8.0,7.0,7.0,8.0,8.0,9.0,8.0,7.0,7.0,7.0,7.0,7.0,7.0,5.0,6.0,7.0,7.0,7.0,8.0,8.0,8.0,8.0,15
tachyonic,10.0,10,11.0,11.0,11.0,11.0,10.0,10.0,10.0,10.0,10.0,10.0,9.0,9.0,8.0,8.0,8.0,8.0,8.0,6.0,8.0,8.0,9.0,6.0,6.0,6.0,15
hartlehawking,11.0,11,12.0,12.0,13.0,13.0,13.0,11.0,10.0,9.0,9.0,9.0,9.0,9.0,9.0,7.0,5.0,5.0,5.0,4.0,4.0,4.0,5.0,5.0,4.0,4.0,15
selfcoupling,9.0,9,8.0,6.0,6.0,7.0,7.0,7.0,9.0,8.0,8.0,8.0,8.0,8.0,7.0,7.0,7.0,6.0,6.0,6.0,6.0,7.0,8.0,8.0,8.0,8.0,15
higgsing,5.0,5,5.0,5.0,6.0,6.0,8.0,9.0,8.0,8.0,9.0,9.0,10.0,10.0,10.0,11.0,11.0,11.0,8.0,7.0,7.0,8.0,8.0,8.0,8.0,8.0,15
vs,10.0,10,10.0,10.0,10.0,9.0,9.0,9.0,7.0,7.0,7.0,2.0,4.0,6.0,6.0,6.0,6.0,6.0,4.0,4.0,4.0,5.0,5.0,5.0,5.0,5.0,15
laplace,7.0,7,7.0,7.0,7.0,6.0,6.0,7.0,8.0,9.0,9.0,8.0,8.0,6.0,6.0,6.0,7.0,5.0,5.0,7.0,7.0,8.0,8.0,8.0,8.0,8.0,15
focussing,9.0,8,7.0,7.0,7.0,7.0,8.0,7.0,7.0,7.0,7.0,7.0,7.0,8.0,8.0,9.0,9.0,10.0,9.0,8.0,9.0,7.0,7.0,7.0,7.0,7.0,15
hitchin,8.0,6,6.0,6.0,6.0,6.0,8.0,8.0,8.0,8.0,8.0,8.0,7.0,7.0,7.0,8.0,8.0,9.0,8.0,8.0,8.0,8.0,8.0,8.0,8.0,7.0,15
backreacted,14.0,12,11.0,11.0,10.0,10.0,9.0,9.0,7.0,6.0,4.0,4.0,3.0,3.0,3.0,3.0,4.0,2.0,2.0,2.0,2.0,2.0,1.0,1.0,1.0,1.0,15
multicritical,6.0,6,5.0,6.0,9.0,9.0,13.0,12.0,12.0,12.0,11.0,11.0,10.0,10.0,10.0,9.0,10.0,9.0,9.0,9.0,9.0,9.0,9.0,9.0,9.0,9.0,15
worldlines,9.0,9,9.0,9.0,8.0,7.0,9.0,12.0,12.0,12.0,12.0,12.0,12.0,12.0,12.0,13.0,13.0,13.0,9.0,9.0,9.0,9.0,9.0,9.0,9.0,6.0,15
swave,13.0,13,13.0,13.0,13.0,13.0,12.0,8.0,4.0,4.0,4.0,4.0,4.0,4.0,4.0,4.0,4.0,4.0,4.0,4.0,4.0,4.0,4.0,4.0,2.0,2.0,15
hamiltonjacobi,6.0,6,5.0,7.0,7.0,7.0,7.0,5.0,5.0,5.0,5.0,5.0,6.0,6.0,8.0,10.0,10.0,10.0,10.0,10.0,10.0,10.0,10.0,10.0,10.0,10.0,15
pulsar,5.0,8,8.0,10.0,11.0,11.0,11.0,10.0,10.0,10.0,12.0,12.0,13.0,13.0,13.0,13.0,13.0,13.0,12.0,11.0,11.0,10.0,10.0,10.0,10.0,10.0,15
eff,8.0,8,7.0,7.0,7.0,9.0,10.0,10.0,10.0,10.0,11.0,9.0,9.0,9.0,7.0,7.0,7.0,7.0,7.0,7.0,7.0,7.0,7.0,7.0,7.0,7.0,15
vectorlike,9.0,9,8.0,8.0,8.0,8.0,11.0,11.0,10.0,10.0,10.0,10.0,10.0,10.0,10.0,10.0,10.0,10.0,10.0,8.0,7.0,7.0,5.0,5.0,5.0,5.0,15
mp,11.0,11,11.0,11.0,2.0,2.0,1.0,5.0,5.0,5.0,5.0,5.0,5.0,5.0,5.0,5.0,5.0,5.0,5.0,5.0,5.0,5.0,5.0,5.0,5.0,5.0,15
higgsplosion,15.0,14,14.0,14.0,14.0,14.0,14.0,14.0,14.0,7.0,7.0,7.0,7.0,7.0,7.0,7.0,7.0,7.0,7.0,7.0,0.0,0.0,0.0,0.0,0.0,0.0,15
ultracold,6.0,6,6.0,5.0,4.0,6.0,6.0,6.0,6.0,6.0,6.0,7.0,7.0,8.0,8.0,8.0,9.0,9.0,9.0,9.0,8.0,8.0,9.0,8.0,8.0,9.0,14
adcf,5.0,6,5.0,5.0,4.0,4.0,6.0,6.0,5.0,5.0,5.0,5.0,5.0,5.0,5.0,5.0,5.0,5.0,5.0,7.0,7.0,6.0,6.0,6.0,6.0,8.0,14
rescaled,7.0,7,7.0,6.0,6.0,6.0,6.0,6.0,6.0,6.0,5.0,5.0,5.0,5.0,5.0,5.0,5.0,5.0,5.0,5.0,6.0,6.0,7.0,7.0,6.0,7.0,14
nonflat,3.0,3,3.0,3.0,5.0,5.0,5.0,6.0,7.0,7.0,6.0,6.0,6.0,7.0,7.0,7.0,7.0,7.0,7.0,12.0,12.0,12.0,10.0,10.0,11.0,11.0,14
threesphere,9.0,9,9.0,9.0,9.0,9.0,9.0,11.0,11.0,11.0,9.0,6.0,4.0,4.0,4.0,4.0,4.0,4.0,4.0,4.0,4.0,3.0,3.0,4.0,5.0,5.0,14
rederive,5.0,4,3.0,3.0,4.0,4.0,5.0,5.0,5.0,7.0,7.0,8.0,7.0,7.0,8.0,8.0,8.0,7.0,7.0,7.0,8.0,8.0,8.0,8.0,9.0,9.0,14
electricmagnetic,5.0,5,5.0,5.0,5.0,5.0,5.0,4.0,4.0,5.0,5.0,5.0,8.0,8.0,8.0,8.0,8.0,8.0,8.0,8.0,8.0,8.0,8.0,8.0,9.0,9.0,14
coadjoint,3.0,3,3.0,3.0,5.0,5.0,5.0,7.0,7.0,7.0,7.0,8.0,7.0,7.0,7.0,7.0,7.0,9.0,9.0,9.0,10.0,10.0,10.0,11.0,11.0,11.0,14
thinwall,6.0,6,9.0,12.0,12.0,12.0,11.0,11.0,11.0,11.0,10.0,10.0,10.0,10.0,9.0,9.0,9.0,9.0,9.0,7.0,7.0,7.0,7.0,8.0,8.0,8.0,14
confinementdeconfinement,5.0,8,8.0,8.0,8.0,8.0,7.0,10.0,10.0,10.0,10.0,10.0,10.0,10.0,10.0,10.0,10.0,9.0,9.0,9.0,9.0,9.0,8.0,9.0,9.0,9.0,14
superradiance,4.0,4,2.0,2.0,2.0,2.0,2.0,1.0,1.0,1.0,1.0,1.0,1.0,2.0,3.0,3.0,3.0,3.0,5.0,5.0,9.0,9.0,9.0,10.0,10.0,10.0,14
zeromode,6.0,6,6.0,9.0,9.0,9.0,7.0,7.0,8.0,7.0,7.0,7.0,9.0,9.0,9.0,9.0,9.0,9.0,9.0,9.0,9.0,7.0,7.0,8.0,8.0,8.0,14
infty,7.0,5,5.0,5.0,5.0,5.0,5.0,6.0,6.0,6.0,6.0,6.0,6.0,4.0,4.0,4.0,5.0,5.0,5.0,5.0,5.0,5.0,7.0,7.0,7.0,7.0,14
seiberg,8.0,7,8.0,8.0,8.0,8.0,8.0,8.0,8.0,8.0,7.0,6.0,6.0,7.0,7.0,7.0,7.0,7.0,8.0,8.0,8.0,8.0,10.0,10.0,8.0,6.0,14
twobody,6.0,6,6.0,6.0,6.0,6.0,6.0,7.0,7.0,5.0,8.0,7.0,6.0,6.0,8.0,8.0,9.0,9.0,9.0,9.0,9.0,7.0,8.0,8.0,8.0,8.0,14
superstrings,5.0,6,6.0,6.0,6.0,5.0,7.0,8.0,7.0,7.0,7.0,7.0,8.0,8.0,7.0,8.0,8.0,8.0,7.0,9.0,9.0,9.0,10.0,10.0,10.0,10.0,14
glueball,4.0,4,4.0,4.0,4.0,5.0,5.0,5.0,5.0,5.0,5.0,7.0,6.0,6.0,7.0,7.0,6.0,5.0,7.0,7.0,7.0,7.0,9.0,9.0,8.0,8.0,14
qnms,5.0,5,5.0,5.0,5.0,5.0,5.0,5.0,5.0,5.0,5.0,3.0,3.0,3.0,3.0,3.0,3.0,3.0,3.0,3.0,9.0,6.0,9.0,9.0,9.0,9.0,14
noscale,2.0,2,2.0,7.0,8.0,8.0,8.0,10.0,10.0,9.0,9.0,9.0,9.0,9.0,9.0,11.0,11.0,11.0,11.0,11.0,11.0,11.0,13.0,12.0,12.0,12.0,14
multiscale,5.0,6,7.0,7.0,9.0,9.0,9.0,9.0,9.0,10.0,10.0,10.0,9.0,9.0,9.0,10.0,10.0,10.0,10.0,9.0,9.0,9.0,10.0,9.0,9.0,9.0,14
qm,5.0,5,4.0,3.0,0.0,3.0,3.0,3.0,3.0,3.0,8.0,8.0,8.0,8.0,8.0,8.0,8.0,8.0,8.0,8.0,8.0,9.0,9.0,9.0,9.0,9.0,14
npoint,11.0,10,9.0,8.0,6.0,6.0,6.0,6.0,5.0,4.0,4.0,4.0,3.0,2.0,3.0,3.0,3.0,3.0,3.0,3.0,3.0,4.0,4.0,4.0,3.0,3.0,14
longlived,6.0,6,6.0,6.0,6.0,8.0,6.0,7.0,7.0,6.0,7.0,7.0,7.0,7.0,7.0,7.0,7.0,6.0,7.0,7.0,9.0,9.0,9.0,9.0,8.0,8.0,14
superparticle,7.0,7,5.0,5.0,6.0,7.0,7.0,7.0,9.0,8.0,8.0,8.0,8.0,8.0,8.0,8.0,8.0,9.0,10.0,10.0,11.0,10.0,10.0,10.0,10.0,8.0,14
ss,5.0,6,6.0,6.0,6.0,6.0,6.0,9.0,9.0,6.0,6.0,6.0,6.0,6.0,9.0,9.0,9.0,9.0,9.0,9.0,10.0,10.0,10.0,10.0,9.0,9.0,14
qsc,5.0,5,5.0,5.0,5.0,5.0,2.0,2.0,2.0,2.0,2.0,2.0,2.0,2.0,5.0,5.0,6.0,6.0,6.0,9.0,9.0,9.0,9.0,9.0,9.0,9.0,14
pade,8.0,8,8.0,8.0,5.0,7.0,7.0,7.0,6.0,6.0,7.0,6.0,8.0,8.0,8.0,8.0,8.0,8.0,9.0,8.0,7.0,7.0,7.0,7.0,6.0,6.0,14
coarsegrained,6.0,7,6.0,4.0,4.0,5.0,6.0,7.0,8.0,8.0,9.0,9.0,9.0,8.0,8.0,8.0,7.0,8.0,8.0,8.0,8.0,8.0,8.0,8.0,8.0,8.0,14
decouple,8.0,8,8.0,9.0,10.0,10.0,11.0,11.0,11.0,12.0,12.0,12.0,12.0,12.0,12.0,12.0,12.0,10.0,10.0,10.0,10.0,9.0,7.0,7.0,7.0,7.0,14
quarkantiquark,9.0,9,9.0,9.0,5.0,6.0,6.0,6.0,6.0,6.0,6.0,4.0,4.0,4.0,6.0,7.0,6.0,6.0,6.0,6.0,6.0,6.0,6.0,6.0,6.0,5.0,14
donaldsonthomas,2.0,4,4.0,3.0,3.0,6.0,6.0,8.0,8.0,8.0,10.0,10.0,10.0,10.0,10.0,12.0,12.0,12.0,12.0,12.0,12.0,12.0,12.0,12.0,12.0,12.0,14
bcfw,12.0,13,13.0,12.0,12.0,12.0,11.0,11.0,11.0,10.0,10.0,10.0,10.0,10.0,10.0,8.0,8.0,5.0,5.0,5.0,5.0,5.0,5.0,3.0,3.0,3.0,14
parketaylor,12.0,12,12.0,12.0,8.0,8.0,8.0,8.0,8.0,8.0,8.0,8.0,7.0,9.0,9.0,9.0,9.0,6.0,6.0,5.0,5.0,5.0,5.0,2.0,2.0,2.0,14
nf,9.0,9,11.0,11.0,11.0,11.0,11.0,11.0,11.0,11.0,12.0,12.0,12.0,11.0,11.0,11.0,11.0,11.0,11.0,11.0,10.0,10.0,5.0,5.0,5.0,5.0,14
veneziano,9.0,9,9.0,9.0,9.0,9.0,9.0,9.0,8.0,8.0,6.0,4.0,7.0,7.0,7.0,6.0,6.0,5.0,5.0,5.0,4.0,4.0,3.0,3.0,3.0,3.0,14
bigravity,6.0,6,9.0,9.0,8.0,6.0,6.0,6.0,6.0,5.0,5.0,8.0,8.0,8.0,8.0,8.0,8.0,8.0,8.0,8.0,8.0,8.0,8.0,8.0,7.0,7.0,14
oneparticle,10.0,10,11.0,10.0,10.0,10.0,10.0,11.0,11.0,12.0,13.0,11.0,11.0,11.0,11.0,11.0,11.0,11.0,11.0,8.0,8.0,8.0,7.0,7.0,5.0,5.0,14
domainwall,5.0,5,5.0,5.0,5.0,5.0,8.0,6.0,7.0,6.0,9.0,9.0,9.0,9.0,9.0,9.0,9.0,9.0,9.0,8.0,8.0,8.0,8.0,7.0,7.0,7.0,14
vainshtein,4.0,4,7.0,8.0,8.0,8.0,13.0,13.0,13.0,14.0,14.0,14.0,13.0,13.0,13.0,13.0,13.0,13.0,12.0,12.0,12.0,12.0,11.0,11.0,11.0,10.0,14
quantised,5.0,7,8.0,8.0,8.0,11.0,12.0,12.0,13.0,13.0,13.0,13.0,12.0,12.0,12.0,12.0,12.0,12.0,12.0,12.0,12.0,11.0,10.0,9.0,8.0,8.0,14
subsector,5.0,5,5.0,4.0,4.0,3.0,4.0,4.0,4.0,5.0,5.0,5.0,4.0,4.0,4.0,5.0,5.0,7.0,7.0,7.0,7.0,7.0,8.0,7.0,7.0,8.0,13
leeyang,7.0,7,6.0,6.0,6.0,8.0,7.0,6.0,6.0,6.0,6.0,2.0,2.0,3.0,3.0,3.0,3.0,3.0,3.0,3.0,3.0,3.0,3.0,3.0,3.0,4.0,13
closedform,5.0,6,7.0,7.0,7.0,7.0,6.0,6.0,6.0,7.0,7.0,6.0,5.0,6.0,6.0,6.0,6.0,6.0,6.0,7.0,6.0,6.0,6.0,6.0,6.0,7.0,13
doublecopy,6.0,6,6.0,7.0,8.0,7.0,7.0,8.0,7.0,6.0,6.0,6.0,6.0,6.0,6.0,6.0,5.0,5.0,5.0,7.0,7.0,8.0,8.0,8.0,8.0,7.0,13
reissnernordstr,7.0,7,6.0,6.0,8.0,9.0,8.0,8.0,8.0,8.0,7.0,7.0,7.0,7.0,8.0,7.0,6.0,6.0,6.0,5.0,5.0,4.0,4.0,4.0,4.0,6.0,13
wightman,1.0,1,1.0,1.0,1.0,1.0,1.0,2.0,2.0,2.0,3.0,2.0,2.0,2.0,2.0,2.0,2.0,2.0,2.0,5.0,7.0,7.0,8.0,9.0,9.0,12.0,13
cachazoheyuan,10.0,10,10.0,10.0,8.0,8.0,9.0,9.0,9.0,9.0,9.0,9.0,8.0,8.0,8.0,6.0,6.0,5.0,5.0,5.0,3.0,4.0,4.0,3.0,3.0,4.0,13
postinflationary,8.0,7,7.0,7.0,6.0,6.0,6.0,6.0,6.0,6.0,6.0,6.0,5.0,5.0,5.0,5.0,4.0,2.0,3.0,3.0,3.0,3.0,3.0,3.0,4.0,4.0,13
nonriemannian,6.0,6,6.0,6.0,6.0,6.0,6.0,6.0,7.0,7.0,5.0,5.0,9.0,9.0,9.0,7.0,7.0,7.0,7.0,5.0,5.0,6.0,6.0,6.0,7.0,7.0,13
vaidya,3.0,2,2.0,3.0,3.0,3.0,3.0,3.0,3.0,5.0,6.0,6.0,6.0,6.0,6.0,6.0,5.0,5.0,5.0,5.0,5.0,5.0,6.0,9.0,11.0,11.0,13
spinspin,6.0,6,6.0,3.0,3.0,3.0,3.0,3.0,3.0,7.0,7.0,6.0,6.0,6.0,6.0,6.0,6.0,5.0,6.0,6.0,6.0,6.0,6.0,6.0,7.0,7.0,13
hubbard,3.0,3,4.0,4.0,6.0,6.0,6.0,6.0,6.0,8.0,8.0,8.0,8.0,8.0,8.0,8.0,8.0,7.0,10.0,10.0,10.0,10.0,10.0,10.0,11.0,11.0,13
hadamard,8.0,9,9.0,9.0,9.0,9.0,9.0,9.0,5.0,5.0,5.0,6.0,6.0,4.0,4.0,4.0,3.0,3.0,3.0,3.0,3.0,3.0,4.0,5.0,5.0,5.0,13
navierstokes,9.0,9,9.0,9.0,9.0,9.0,10.0,7.0,7.0,7.0,7.0,7.0,6.0,6.0,6.0,5.0,5.0,5.0,5.0,5.0,5.0,5.0,4.0,6.0,4.0,4.0,13
synchronised,4.0,4,4.0,4.0,4.0,4.0,9.0,6.0,6.0,6.0,6.0,6.0,6.0,6.0,6.0,6.0,7.0,7.0,7.0,7.0,9.0,9.0,9.0,9.0,9.0,9.0,13
deeper,9.0,9,8.0,8.0,6.0,5.0,5.0,6.0,6.0,6.0,6.0,6.0,5.0,5.0,4.0,4.0,4.0,3.0,2.0,2.0,2.0,3.0,3.0,4.0,4.0,4.0,13
nearzero,8.0,8,12.0,12.0,12.0,12.0,12.0,12.0,12.0,12.0,12.0,9.0,9.0,9.0,9.0,9.0,9.0,9.0,4.0,4.0,4.0,4.0,4.0,5.0,5.0,5.0,13
wesszuminowitten,5.0,5,4.0,4.0,4.0,3.0,3.0,4.0,4.0,4.0,4.0,4.0,4.0,4.0,4.0,4.0,5.0,4.0,5.0,6.0,6.0,6.0,6.0,8.0,8.0,8.0,13
kalbramond,8.0,8,8.0,8.0,8.0,7.0,7.0,7.0,8.0,8.0,8.0,9.0,9.0,9.0,9.0,8.0,4.0,3.0,3.0,3.0,3.0,3.0,4.0,5.0,5.0,5.0,13
ligovirgo,1.0,1,1.0,1.0,2.0,2.0,2.0,2.0,2.0,2.0,4.0,4.0,4.0,5.0,6.0,6.0,8.0,8.0,11.0,12.0,12.0,12.0,12.0,13.0,12.0,12.0,13
ia,5.0,5,5.0,4.0,4.0,5.0,4.0,4.0,5.0,4.0,4.0,4.0,5.0,5.0,5.0,6.0,6.0,6.0,6.0,7.0,7.0,7.0,7.0,8.0,8.0,8.0,13
int,7.0,7,7.0,7.0,7.0,7.0,7.0,7.0,7.0,9.0,8.0,8.0,6.0,5.0,5.0,5.0,5.0,5.0,6.0,6.0,6.0,5.0,7.0,6.0,6.0,6.0,13
equiv,8.0,7,7.0,6.0,6.0,5.0,6.0,6.0,6.0,5.0,5.0,4.0,4.0,4.0,3.0,4.0,4.0,3.0,3.0,3.0,4.0,4.0,6.0,6.0,5.0,5.0,13
gravitymatter,4.0,4,4.0,4.0,4.0,4.0,4.0,4.0,5.0,5.0,6.0,6.0,8.0,10.0,10.0,10.0,9.0,9.0,11.0,11.0,11.0,9.0,10.0,9.0,9.0,9.0,13
friedmannrobertsonwalker,7.0,7,8.0,8.0,8.0,9.0,9.0,9.0,7.0,7.0,7.0,8.0,7.0,7.0,8.0,7.0,6.0,6.0,6.0,6.0,5.0,6.0,6.0,6.0,6.0,6.0,13
oneform,5.0,5,5.0,4.0,4.0,4.0,4.0,4.0,4.0,4.0,7.0,8.0,7.0,7.0,7.0,7.0,7.0,7.0,7.0,8.0,8.0,10.0,10.0,10.0,10.0,7.0,13
twoparameter,5.0,5,5.0,5.0,6.0,7.0,7.0,8.0,8.0,8.0,8.0,8.0,8.0,8.0,8.0,8.0,7.0,7.0,7.0,8.0,8.0,9.0,9.0,8.0,8.0,8.0,13
adm,8.0,7,7.0,7.0,7.0,6.0,7.0,7.0,7.0,7.0,7.0,6.0,6.0,6.0,7.0,6.0,7.0,7.0,7.0,7.0,7.0,8.0,8.0,8.0,5.0,4.0,13
fayetiliopoulos,4.0,4,5.0,6.0,6.0,6.0,6.0,9.0,9.0,8.0,8.0,7.0,7.0,7.0,8.0,8.0,8.0,8.0,8.0,8.0,9.0,10.0,9.0,9.0,9.0,9.0,13
carrollian,1.0,1,1.0,1.0,1.0,0.0,0.0,0.0,0.0,0.0,0.0,0.0,0.0,0.0,0.0,3.0,10.0,10.0,10.0,10.0,10.0,12.0,12.0,12.0,12.0,12.0,13
tqfts,6.0,6,2.0,2.0,2.0,2.0,2.0,2.0,1.0,1.0,1.0,2.0,3.0,5.0,5.0,6.0,6.0,6.0,6.0,6.0,7.0,7.0,7.0,7.0,7.0,7.0,13
hadronic,6.0,6,8.0,8.0,7.0,6.0,7.0,8.0,8.0,8.0,8.0,8.0,6.0,6.0,6.0,6.0,8.0,7.0,7.0,7.0,8.0,8.0,8.0,8.0,7.0,7.0,13
vafa,5.0,5,5.0,7.0,7.0,7.0,6.0,6.0,6.0,6.0,6.0,6.0,6.0,8.0,8.0,8.0,8.0,9.0,10.0,10.0,10.0,9.0,9.0,9.0,9.0,9.0,13
nambugoto,8.0,8,9.0,9.0,9.0,9.0,9.0,9.0,9.0,9.0,9.0,9.0,9.0,9.0,10.0,12.0,12.0,12.0,12.0,12.0,12.0,11.0,11.0,11.0,8.0,5.0,13
pions,7.0,8,7.0,8.0,9.0,9.0,6.0,6.0,5.0,6.0,6.0,6.0,7.0,7.0,7.0,7.0,7.0,7.0,7.0,6.0,6.0,6.0,6.0,6.0,6.0,6.0,13
zerotemperature,11.0,10,10.0,9.0,9.0,8.0,8.0,8.0,8.0,8.0,8.0,7.0,6.0,6.0,6.0,5.0,5.0,3.0,3.0,4.0,4.0,4.0,3.0,3.0,3.0,3.0,13
xcdm,4.0,4,4.0,4.0,4.0,4.0,4.0,4.0,4.0,4.0,4.0,4.0,6.0,6.0,6.0,8.0,8.0,8.0,8.0,13.0,13.0,13.0,9.0,9.0,9.0,9.0,13
conifold,6.0,6,7.0,8.0,7.0,7.0,6.0,7.0,7.0,7.0,7.0,7.0,7.0,8.0,10.0,10.0,9.0,8.0,7.0,8.0,8.0,7.0,7.0,7.0,7.0,7.0,13
avalifshitz,6.0,4,4.0,4.0,4.0,4.0,4.0,4.0,4.0,4.0,6.0,5.0,7.0,7.0,7.0,7.0,6.0,7.0,8.0,8.0,7.0,7.0,7.0,7.0,7.0,7.0,13
cmera,4.0,4,4.0,4.0,5.0,1.0,1.0,1.0,1.0,1.0,1.0,1.0,2.0,2.0,2.0,2.0,2.0,2.0,9.0,9.0,9.0,9.0,9.0,9.0,9.0,9.0,13
finsler,5.0,5,5.0,5.0,8.0,8.0,8.0,7.0,10.0,10.0,10.0,10.0,10.0,10.0,9.0,9.0,9.0,8.0,10.0,10.0,10.0,10.0,8.0,8.0,8.0,8.0,13
glsms,6.0,8,8.0,8.0,8.0,8.0,8.0,8.0,8.0,8.0,8.0,8.0,8.0,8.0,8.0,8.0,8.0,11.0,11.0,11.0,11.0,11.0,11.0,11.0,11.0,11.0,13
weakcoupling,9.0,4,4.0,4.0,4.0,4.0,6.0,6.0,5.0,5.0,4.0,4.0,4.0,4.0,5.0,5.0,6.0,6.0,6.0,6.0,6.0,6.0,6.0,6.0,5.0,4.0,13
benchmark,7.0,7,7.0,7.0,7.0,8.0,8.0,8.0,7.0,6.0,6.0,8.0,8.0,9.0,9.0,10.0,10.0,7.0,7.0,7.0,5.0,5.0,5.0,5.0,5.0,5.0,13
supertranslation,7.0,7,7.0,7.0,7.0,7.0,8.0,8.0,8.0,8.0,12.0,12.0,11.0,11.0,11.0,12.0,12.0,9.0,9.0,9.0,6.0,6.0,6.0,6.0,6.0,6.0,13
bulkboundary,5.0,7,7.0,7.0,7.0,8.0,8.0,8.0,8.0,8.0,10.0,8.0,9.0,10.0,10.0,10.0,10.0,10.0,10.0,8.0,8.0,8.0,8.0,8.0,7.0,7.0,13
gft,6.0,6,6.0,6.0,6.0,6.0,6.0,12.0,12.0,12.0,12.0,12.0,12.0,13.0,13.0,13.0,13.0,7.0,7.0,7.0,7.0,7.0,7.0,7.0,7.0,7.0,13
osp,9.0,8,7.0,7.0,7.0,7.0,7.0,7.0,6.0,6.0,6.0,6.0,8.0,8.0,8.0,8.0,8.0,8.0,8.0,8.0,8.0,5.0,4.0,4.0,4.0,4.0,13
superhorizon,6.0,6,5.0,5.0,5.0,5.0,5.0,6.0,7.0,11.0,11.0,10.0,10.0,10.0,10.0,10.0,9.0,9.0,9.0,9.0,8.0,8.0,8.0,8.0,8.0,8.0,13
kaehler,12.0,12,12.0,12.0,12.0,12.0,13.0,13.0,13.0,13.0,13.0,13.0,12.0,12.0,12.0,12.0,12.0,11.0,8.0,8.0,8.0,8.0,5.0,1.0,1.0,1.0,13
ew,11.0,11,10.0,11.0,11.0,12.0,7.0,7.0,7.0,7.0,7.0,2.0,2.0,2.0,2.0,2.0,2.0,2.0,2.0,2.0,2.0,2.0,2.0,2.0,2.0,2.0,13
tcis,0.0,9,9.0,9.0,13.0,13.0,13.0,13.0,13.0,13.0,13.0,13.0,13.0,13.0,13.0,13.0,13.0,13.0,13.0,13.0,13.0,13.0,13.0,13.0,13.0,13.0,13
carroll,7.0,7,7.0,7.0,7.0,6.0,6.0,6.0,6.0,6.0,5.0,5.0,5.0,4.0,4.0,4.0,4.0,6.0,6.0,6.0,6.0,6.0,6.0,6.0,6.0,8.0,12
hawkingpage,5.0,6,7.0,8.0,7.0,7.0,7.0,7.0,9.0,9.0,7.0,6.0,6.0,6.0,6.0,6.0,6.0,6.0,6.0,5.0,5.0,5.0,6.0,6.0,6.0,7.0,12
nlsm,5.0,5,5.0,5.0,5.0,5.0,5.0,5.0,1.0,1.0,1.0,1.0,1.0,1.0,1.0,1.0,1.0,1.0,4.0,4.0,4.0,4.0,3.0,3.0,3.0,5.0,12
matterdominated,6.0,6,6.0,6.0,6.0,6.0,6.0,6.0,2.0,2.0,0.0,0.0,0.0,0.0,1.0,2.0,4.0,4.0,4.0,4.0,4.0,4.0,4.0,4.0,4.0,6.0,12
adler,4.0,3,4.0,4.0,4.0,4.0,4.0,4.0,5.0,6.0,6.0,7.0,7.0,7.0,7.0,7.0,7.0,7.0,7.0,8.0,7.0,7.0,7.0,5.0,5.0,8.0,12
schroedinger,5.0,5,5.0,5.0,6.0,6.0,6.0,6.0,7.0,7.0,7.0,7.0,9.0,9.0,9.0,6.0,6.0,6.0,5.0,5.0,6.0,6.0,6.0,6.0,6.0,7.0,12
montecarlo,9.0,4,5.0,5.0,4.0,4.0,4.0,4.0,4.0,4.0,4.0,4.0,4.0,4.0,4.0,4.0,4.0,4.0,3.0,3.0,4.0,4.0,4.0,3.0,3.0,4.0,12
glueballs,4.0,4,5.0,5.0,4.0,5.0,5.0,5.0,5.0,5.0,5.0,6.0,6.0,6.0,7.0,7.0,7.0,6.0,7.0,7.0,7.0,8.0,8.0,8.0,9.0,9.0,12
characterise,8.0,8,8.0,8.0,8.0,8.0,8.0,7.0,7.0,7.0,6.0,6.0,4.0,5.0,5.0,5.0,5.0,5.0,4.0,4.0,4.0,4.0,3.0,3.0,4.0,4.0,12
bilayer,1.0,4,4.0,4.0,3.0,3.0,3.0,3.0,4.0,6.0,6.0,6.0,6.0,6.0,6.0,6.0,6.0,6.0,6.0,6.0,6.0,6.0,6.0,6.0,7.0,7.0,12
scaledependent,4.0,5,4.0,3.0,3.0,3.0,5.0,5.0,5.0,6.0,6.0,6.0,6.0,6.0,7.0,8.0,7.0,7.0,7.0,7.0,7.0,7.0,7.0,7.0,8.0,8.0,12
wouldbe,2.0,2,2.0,2.0,2.0,2.0,2.0,4.0,4.0,4.0,3.0,3.0,3.0,3.0,4.0,4.0,4.0,4.0,5.0,5.0,6.0,8.0,8.0,8.0,10.0,10.0,12
extradimensional,4.0,4,6.0,6.0,6.0,6.0,4.0,4.0,4.0,4.0,5.0,5.0,6.0,6.0,6.0,6.0,6.0,6.0,6.0,5.0,5.0,5.0,6.0,6.0,7.0,7.0,12
wallcrossing,4.0,7,7.0,7.0,8.0,10.0,9.0,9.0,9.0,9.0,9.0,8.0,8.0,8.0,8.0,8.0,8.0,7.0,7.0,7.0,7.0,7.0,8.0,8.0,9.0,8.0,12
zamolodchikov,3.0,3,3.0,3.0,4.0,4.0,4.0,4.0,4.0,4.0,4.0,4.0,4.0,4.0,4.0,4.0,4.0,5.0,5.0,8.0,8.0,8.0,8.0,7.0,8.0,8.0,12
antiferromagnetic,5.0,5,5.0,5.0,5.0,4.0,4.0,4.0,5.0,3.0,3.0,4.0,4.0,4.0,4.0,5.0,4.0,6.0,5.0,5.0,6.0,6.0,6.0,6.0,7.0,7.0,12
kinkantikink,2.0,2,2.0,5.0,6.0,6.0,6.0,6.0,7.0,8.0,8.0,8.0,8.0,7.0,7.0,7.0,7.0,7.0,7.0,7.0,7.0,7.0,7.0,7.0,10.0,10.0,12
particlehole,6.0,7,7.0,7.0,7.0,8.0,6.0,6.0,6.0,6.0,6.0,6.0,6.0,6.0,6.0,6.0,7.0,8.0,8.0,8.0,5.0,5.0,5.0,5.0,6.0,6.0,12
munu,6.0,6,6.0,6.0,7.0,7.0,7.0,6.0,6.0,6.0,6.0,6.0,6.0,4.0,4.0,4.0,4.0,4.0,4.0,4.0,1.0,1.0,1.0,4.0,6.0,6.0,12
hightemperature,3.0,3,4.0,4.0,4.0,4.0,4.0,5.0,5.0,5.0,5.0,5.0,5.0,5.0,5.0,5.0,3.0,3.0,3.0,3.0,3.0,4.0,4.0,5.0,6.0,6.0,12
mond,6.0,6,6.0,6.0,8.0,8.0,8.0,8.0,8.0,8.0,8.0,8.0,7.0,8.0,6.0,6.0,6.0,6.0,6.0,5.0,5.0,5.0,5.0,6.0,6.0,6.0,12
outofequilibrium,6.0,6,6.0,8.0,7.0,7.0,7.0,8.0,8.0,8.0,7.0,7.0,7.0,7.0,7.0,7.0,7.0,7.0,9.0,9.0,9.0,9.0,9.0,8.0,6.0,6.0,12
ppwaves,2.0,2,2.0,4.0,4.0,4.0,4.0,4.0,4.0,4.0,4.0,6.0,6.0,5.0,4.0,4.0,4.0,4.0,4.0,4.0,5.0,5.0,9.0,10.0,10.0,10.0,12
dysonschwinger,7.0,7,7.0,7.0,7.0,6.0,6.0,6.0,6.0,6.0,6.0,6.0,6.0,5.0,5.0,5.0,4.0,3.0,5.0,4.0,4.0,5.0,5.0,6.0,5.0,5.0,12
batalinvilkovisky,7.0,6,6.0,6.0,4.0,5.0,5.0,5.0,5.0,5.0,8.0,8.0,6.0,6.0,6.0,6.0,6.0,5.0,5.0,5.0,5.0,5.0,5.0,6.0,6.0,6.0,12
stronglycoupled,3.0,3,4.0,4.0,5.0,5.0,5.0,5.0,5.0,6.0,5.0,5.0,5.0,5.0,7.0,6.0,7.0,7.0,7.0,7.0,9.0,9.0,9.0,10.0,10.0,9.0,12
wider,8.0,7,7.0,7.0,7.0,7.0,7.0,6.0,6.0,7.0,7.0,7.0,7.0,6.0,6.0,6.0,6.0,6.0,6.0,6.0,6.0,4.0,4.0,5.0,3.0,3.0,12
legendre,6.0,6,6.0,6.0,7.0,9.0,9.0,9.0,9.0,9.0,9.0,9.0,9.0,9.0,9.0,9.0,9.0,6.0,6.0,5.0,5.0,5.0,5.0,6.0,6.0,6.0,12
supermassive,7.0,7,5.0,5.0,6.0,6.0,6.0,7.0,7.0,6.0,7.0,7.0,7.0,7.0,7.0,8.0,7.0,6.0,6.0,6.0,6.0,6.0,5.0,6.0,5.0,5.0,12
eigenvectors,4.0,4,4.0,4.0,4.0,4.0,4.0,5.0,5.0,5.0,5.0,5.0,5.0,6.0,6.0,6.0,6.0,6.0,6.0,5.0,5.0,6.0,9.0,9.0,9.0,8.0,12
laughlin,2.0,2,2.0,2.0,2.0,2.0,2.0,2.0,4.0,4.0,4.0,4.0,4.0,4.0,3.0,3.0,3.0,9.0,9.0,9.0,9.0,9.0,11.0,11.0,11.0,10.0,12
xy,6.0,6,6.0,6.0,6.0,6.0,6.0,7.0,7.0,10.0,10.0,9.0,7.0,7.0,7.0,7.0,7.0,7.0,7.0,5.0,6.0,6.0,7.0,7.0,6.0,6.0,12
strongfield,7.0,7,7.0,6.0,6.0,5.0,5.0,5.0,5.0,5.0,6.0,6.0,6.0,7.0,7.0,8.0,7.0,7.0,7.0,7.0,7.0,7.0,8.0,8.0,8.0,7.0,12
weakfield,7.0,4,4.0,6.0,6.0,6.0,6.0,6.0,6.0,6.0,6.0,6.0,6.0,5.0,5.0,3.0,3.0,3.0,4.0,4.0,4.0,4.0,5.0,5.0,5.0,5.0,12
teleportation,7.0,7,7.0,6.0,6.0,6.0,6.0,6.0,6.0,6.0,5.0,5.0,5.0,5.0,5.0,5.0,5.0,2.0,2.0,2.0,2.0,3.0,5.0,5.0,5.0,5.0,12
noboundary,8.0,8,7.0,7.0,7.0,7.0,7.0,7.0,7.0,6.0,6.0,6.0,5.0,2.0,2.0,2.0,2.0,2.0,2.0,2.0,2.0,1.0,5.0,4.0,4.0,4.0,12
minisuperspace,2.0,2,2.0,1.0,1.0,2.0,3.0,3.0,4.0,5.0,6.0,6.0,6.0,6.0,6.0,6.0,7.0,7.0,7.0,7.0,7.0,7.0,11.0,11.0,11.0,11.0,12
kessence,6.0,5,5.0,5.0,5.0,5.0,5.0,5.0,5.0,5.0,5.0,5.0,6.0,6.0,8.0,8.0,6.0,6.0,5.0,5.0,6.0,6.0,7.0,7.0,7.0,6.0,12
einsteinmaxwelldilaton,6.0,6,6.0,6.0,6.0,6.0,6.0,6.0,7.0,7.0,7.0,7.0,7.0,6.0,6.0,6.0,6.0,6.0,5.0,5.0,6.0,8.0,7.0,7.0,7.0,7.0,12
longstanding,7.0,8,8.0,8.0,7.0,7.0,7.0,8.0,7.0,6.0,7.0,6.0,6.0,6.0,6.0,6.0,6.0,6.0,6.0,6.0,6.0,7.0,6.0,6.0,6.0,5.0,12
qubits,4.0,4,5.0,5.0,5.0,4.0,4.0,4.0,4.0,4.0,4.0,4.0,6.0,6.0,6.0,6.0,6.0,6.0,7.0,7.0,8.0,9.0,9.0,9.0,9.0,8.0,12
stresstensor,7.0,8,8.0,8.0,8.0,9.0,9.0,10.0,10.0,8.0,8.0,9.0,9.0,9.0,9.0,5.0,5.0,5.0,5.0,5.0,5.0,5.0,5.0,5.0,5.0,5.0,12
normalizable,5.0,5,5.0,4.0,5.0,5.0,4.0,4.0,4.0,4.0,4.0,4.0,4.0,6.0,5.0,5.0,5.0,6.0,6.0,6.0,5.0,6.0,6.0,6.0,6.0,6.0,12
ab,3.0,3,3.0,3.0,2.0,2.0,2.0,2.0,3.0,3.0,4.0,4.0,5.0,6.0,6.0,5.0,6.0,5.0,5.0,5.0,5.0,6.0,6.0,6.0,6.0,6.0,12
cobordism,2.0,2,2.0,2.0,3.0,3.0,3.0,4.0,4.0,4.0,7.0,7.0,7.0,7.0,7.0,6.0,6.0,6.0,6.0,5.0,5.0,10.0,10.0,10.0,10.0,10.0,12
stabilisation,5.0,6,6.0,6.0,6.0,6.0,6.0,5.0,5.0,5.0,3.0,4.0,4.0,4.0,4.0,4.0,4.0,4.0,2.0,2.0,5.0,5.0,5.0,5.0,5.0,5.0,12
rightarrow,8.0,8,7.0,5.0,6.0,6.0,6.0,7.0,7.0,7.0,7.0,5.0,5.0,2.0,2.0,2.0,2.0,2.0,2.0,3.0,4.0,4.0,4.0,4.0,4.0,4.0,12
continuousspin,8.0,8,8.0,8.0,10.0,10.0,10.0,10.0,10.0,10.0,10.0,10.0,10.0,10.0,10.0,10.0,10.0,10.0,10.0,10.0,7.0,7.0,7.0,7.0,4.0,4.0,12
qubit,7.0,7,5.0,5.0,6.0,6.0,6.0,4.0,4.0,4.0,4.0,4.0,6.0,6.0,6.0,6.0,7.0,7.0,7.0,7.0,8.0,8.0,6.0,6.0,6.0,5.0,12
kitaev,8.0,8,8.0,8.0,7.0,6.0,6.0,7.0,7.0,7.0,6.0,6.0,6.0,6.0,7.0,7.0,5.0,4.0,4.0,3.0,4.0,4.0,4.0,4.0,4.0,4.0,12
thefunction,3.0,4,4.0,5.0,5.0,5.0,5.0,7.0,7.0,7.0,7.0,8.0,8.0,9.0,9.0,9.0,9.0,9.0,8.0,11.0,11.0,11.0,11.0,9.0,9.0,9.0,12
dynkin,6.0,6,5.0,5.0,5.0,5.0,5.0,5.0,5.0,5.0,5.0,5.0,4.0,3.0,3.0,7.0,7.0,7.0,7.0,7.0,7.0,6.0,6.0,6.0,6.0,6.0,12
parameterization,4.0,4,4.0,4.0,3.0,3.0,3.0,4.0,6.0,6.0,6.0,6.0,6.0,6.0,6.0,7.0,7.0,7.0,7.0,10.0,10.0,10.0,9.0,9.0,9.0,8.0,12
poincar,6.0,7,8.0,8.0,10.0,10.0,10.0,10.0,10.0,10.0,10.0,8.0,8.0,8.0,7.0,7.0,6.0,5.0,5.0,6.0,6.0,6.0,6.0,6.0,6.0,6.0,12
associahedron,3.0,3,3.0,8.0,8.0,8.0,10.0,10.0,8.0,8.0,8.0,8.0,8.0,8.0,8.0,8.0,8.0,7.0,7.0,9.0,9.0,9.0,9.0,9.0,9.0,9.0,12
glauber,8.0,8,8.0,8.0,8.0,8.0,8.0,9.0,9.0,9.0,9.0,10.0,9.0,9.0,9.0,9.0,9.0,9.0,11.0,11.0,11.0,5.0,5.0,5.0,4.0,4.0,12
glsm,6.0,6,6.0,8.0,8.0,9.0,9.0,10.0,10.0,10.0,10.0,9.0,9.0,9.0,9.0,9.0,9.0,10.0,10.0,10.0,10.0,10.0,10.0,10.0,10.0,10.0,12
realtime,4.0,5,6.0,6.0,7.0,7.0,6.0,6.0,8.0,8.0,8.0,9.0,9.0,8.0,8.0,9.0,10.0,10.0,10.0,10.0,10.0,9.0,9.0,9.0,8.0,8.0,12
leibniz,10.0,10,11.0,11.0,11.0,11.0,11.0,10.0,10.0,10.0,10.0,10.0,10.0,10.0,8.0,8.0,3.0,3.0,3.0,3.0,3.0,3.0,3.0,3.0,2.0,2.0,12
supermatrix,7.0,7,7.0,7.0,7.0,8.0,8.0,5.0,5.0,5.0,1.0,1.0,1.0,1.0,1.0,3.0,3.0,3.0,3.0,3.0,3.0,3.0,3.0,3.0,3.0,3.0,12
falloff,6.0,6,7.0,7.0,7.0,7.0,7.0,5.0,5.0,5.0,5.0,5.0,7.0,6.0,6.0,8.0,8.0,8.0,8.0,8.0,8.0,8.0,8.0,8.0,8.0,7.0,12
myersperry,5.0,7,7.0,7.0,7.0,7.0,8.0,6.0,7.0,7.0,7.0,7.0,7.0,7.0,9.0,9.0,8.0,7.0,7.0,7.0,7.0,7.0,7.0,7.0,7.0,7.0,12
phonons,10.0,10,11.0,8.0,8.0,8.0,6.0,6.0,6.0,6.0,6.0,6.0,6.0,6.0,7.0,7.0,7.0,4.0,4.0,4.0,4.0,4.0,4.0,4.0,3.0,2.0,12
noninteger,8.0,8,9.0,9.0,9.0,10.0,10.0,10.0,10.0,8.0,8.0,7.0,6.0,6.0,7.0,5.0,5.0,5.0,5.0,5.0,5.0,5.0,5.0,5.0,5.0,5.0,12
cm,3.0,3,3.0,3.0,3.0,6.0,5.0,5.0,5.0,5.0,5.0,5.0,6.0,6.0,8.0,8.0,8.0,6.0,6.0,6.0,6.0,6.0,6.0,6.0,6.0,6.0,12
leq,5.0,5,5.0,5.0,5.0,5.0,6.0,6.0,6.0,6.0,7.0,12.0,12.0,12.0,12.0,12.0,12.0,9.0,9.0,9.0,9.0,8.0,8.0,8.0,8.0,8.0,12
multitrace,11.0,12,12.0,12.0,11.0,11.0,11.0,9.0,9.0,9.0,9.0,9.0,9.0,9.0,9.0,5.0,5.0,4.0,4.0,4.0,4.0,4.0,4.0,3.0,2.0,1.0,12
transplanckian,5.0,6,6.0,6.0,6.0,6.0,6.0,6.0,7.0,6.0,4.0,5.0,5.0,5.0,5.0,5.0,4.0,4.0,4.0,4.0,4.0,4.0,6.0,6.0,5.0,6.0,11
linearised,6.0,6,6.0,6.0,6.0,6.0,6.0,6.0,5.0,6.0,6.0,6.0,6.0,6.0,6.0,6.0,7.0,5.0,5.0,5.0,5.0,6.0,6.0,6.0,5.0,6.0,11
einsteinyangmills,6.0,5,5.0,4.0,4.0,4.0,4.0,4.0,4.0,4.0,3.0,3.0,3.0,3.0,4.0,3.0,3.0,3.0,4.0,4.0,5.0,4.0,4.0,4.0,4.0,5.0,11
tdual,6.0,6,5.0,5.0,4.0,4.0,4.0,4.0,3.0,3.0,4.0,4.0,5.0,5.0,5.0,4.0,4.0,4.0,4.0,4.0,4.0,4.0,4.0,4.0,4.0,4.0,11
antiparticles,4.0,4,4.0,4.0,4.0,4.0,2.0,3.0,2.0,2.0,2.0,2.0,2.0,2.0,2.0,2.0,2.0,2.0,2.0,2.0,2.0,2.0,2.0,2.0,2.0,4.0,11
ln,4.0,4,4.0,6.0,2.0,2.0,2.0,4.0,4.0,4.0,4.0,4.0,4.0,4.0,4.0,4.0,4.0,4.0,4.0,4.0,4.0,4.0,4.0,4.0,7.0,7.0,11
xu,6.0,6,6.0,6.0,6.0,6.0,5.0,5.0,3.0,3.0,3.0,3.0,3.0,3.0,3.0,3.0,3.0,2.0,2.0,2.0,2.0,2.0,1.0,2.0,5.0,5.0,11
fieldtheoretic,5.0,5,6.0,5.0,4.0,5.0,5.0,4.0,3.0,4.0,4.0,4.0,4.0,4.0,4.0,4.0,3.0,4.0,4.0,4.0,4.0,4.0,4.0,4.0,6.0,6.0,11
held,6.0,5,5.0,5.0,4.0,4.0,4.0,4.0,4.0,5.0,5.0,5.0,5.0,5.0,5.0,6.0,6.0,6.0,6.0,6.0,6.0,6.0,6.0,6.0,7.0,5.0,11
fivebranes,6.0,6,6.0,6.0,4.0,5.0,4.0,4.0,4.0,4.0,4.0,4.0,4.0,4.0,3.0,3.0,2.0,2.0,2.0,2.0,2.0,2.0,2.0,2.0,4.0,4.0,11
twocomponent,3.0,3,3.0,3.0,2.0,2.0,3.0,2.0,2.0,2.0,3.0,3.0,3.0,3.0,2.0,2.0,4.0,4.0,5.0,5.0,5.0,5.0,5.0,5.0,7.0,7.0,11
parityviolating,9.0,9,9.0,9.0,9.0,9.0,9.0,9.0,9.0,9.0,3.0,2.0,2.0,2.0,2.0,2.0,2.0,1.0,1.0,1.0,1.0,1.0,1.0,1.0,2.0,2.0,11
gaiotto,7.0,7,7.0,7.0,8.0,8.0,8.0,8.0,8.0,8.0,7.0,7.0,6.0,7.0,6.0,6.0,6.0,6.0,5.0,5.0,5.0,5.0,5.0,6.0,6.0,4.0,11
rightmoving,5.0,5,5.0,5.0,5.0,4.0,5.0,5.0,6.0,6.0,6.0,7.0,7.0,7.0,5.0,4.0,4.0,4.0,4.0,5.0,5.0,6.0,6.0,7.0,7.0,6.0,11
compactifying,5.0,5,4.0,4.0,4.0,3.0,2.0,1.0,1.0,1.0,1.0,1.0,1.0,3.0,3.0,3.0,3.0,3.0,3.0,3.0,4.0,4.0,6.0,7.0,6.0,6.0,11
waveforms,2.0,3,3.0,1.0,1.0,1.0,1.0,3.0,3.0,3.0,3.0,3.0,3.0,3.0,4.0,6.0,6.0,6.0,8.0,8.0,8.0,8.0,8.0,9.0,9.0,9.0,11
heun,9.0,10,10.0,10.0,10.0,10.0,10.0,10.0,10.0,10.0,10.0,10.0,10.0,10.0,10.0,10.0,5.0,5.0,4.0,4.0,2.0,2.0,2.0,2.0,2.0,2.0,11
antidesitter,5.0,5,6.0,6.0,9.0,9.0,9.0,9.0,9.0,9.0,8.0,8.0,8.0,8.0,8.0,8.0,8.0,8.0,7.0,7.0,6.0,6.0,7.0,6.0,6.0,6.0,11
tachyons,6.0,6,6.0,6.0,7.0,7.0,6.0,6.0,6.0,5.0,5.0,3.0,3.0,5.0,5.0,5.0,5.0,5.0,5.0,5.0,5.0,5.0,6.0,5.0,5.0,5.0,11
lightlike,5.0,4,4.0,4.0,4.0,5.0,7.0,8.0,7.0,6.0,6.0,6.0,6.0,6.0,6.0,6.0,6.0,6.0,5.0,5.0,6.0,7.0,7.0,7.0,7.0,6.0,11
ultrarelativistic,7.0,7,7.0,7.0,7.0,7.0,6.0,6.0,6.0,6.0,4.0,4.0,4.0,5.0,5.0,5.0,6.0,7.0,7.0,7.0,5.0,6.0,5.0,5.0,5.0,5.0,11
algebroids,7.0,7,5.0,5.0,5.0,5.0,5.0,5.0,5.0,4.0,4.0,4.0,4.0,4.0,4.0,3.0,5.0,6.0,6.0,6.0,7.0,7.0,7.0,7.0,6.0,4.0,11
coarsegraining,4.0,6,6.0,6.0,5.0,5.0,5.0,5.0,5.0,5.0,5.0,5.0,6.0,7.0,8.0,8.0,8.0,7.0,8.0,8.0,7.0,7.0,7.0,7.0,7.0,7.0,11
ricciflat,3.0,3,3.0,3.0,3.0,3.0,3.0,4.0,4.0,3.0,3.0,3.0,3.0,4.0,4.0,4.0,7.0,7.0,6.0,6.0,8.0,8.0,8.0,8.0,8.0,8.0,11
finitetemperature,6.0,6,7.0,8.0,8.0,8.0,8.0,7.0,7.0,8.0,8.0,8.0,8.0,8.0,7.0,7.0,7.0,5.0,5.0,5.0,5.0,5.0,5.0,5.0,5.0,5.0,11
aharonovbohm,4.0,4,4.0,5.0,6.0,6.0,6.0,6.0,5.0,5.0,5.0,6.0,6.0,6.0,5.0,5.0,7.0,7.0,7.0,8.0,9.0,9.0,8.0,7.0,7.0,7.0,11
quantumgravity,4.0,4,3.0,3.0,4.0,5.0,5.0,5.0,5.0,5.0,5.0,5.0,4.0,4.0,4.0,4.0,4.0,3.0,4.0,4.0,4.0,4.0,4.0,4.0,4.0,4.0,11
antiquark,8.0,8,8.0,8.0,7.0,8.0,9.0,9.0,9.0,9.0,9.0,9.0,9.0,9.0,9.0,9.0,9.0,5.0,5.0,5.0,5.0,5.0,4.0,4.0,3.0,3.0,11
deconstruction,2.0,2,3.0,3.0,4.0,4.0,3.0,3.0,3.0,3.0,3.0,3.0,3.0,3.0,5.0,5.0,5.0,5.0,5.0,8.0,8.0,8.0,8.0,8.0,8.0,7.0,11
combinatorics,7.0,7,7.0,7.0,6.0,6.0,6.0,5.0,4.0,3.0,3.0,3.0,3.0,3.0,4.0,6.0,5.0,5.0,4.0,5.0,5.0,5.0,5.0,4.0,4.0,4.0,11
anomalyfree,6.0,5,4.0,4.0,4.0,4.0,3.0,3.0,3.0,4.0,5.0,5.0,5.0,5.0,5.0,5.0,5.0,7.0,7.0,8.0,8.0,8.0,6.0,6.0,5.0,5.0,11
nahm,4.0,4,5.0,5.0,8.0,8.0,10.0,10.0,10.0,10.0,10.0,10.0,10.0,10.0,10.0,10.0,10.0,9.0,8.0,8.0,8.0,8.0,8.0,8.0,8.0,7.0,11
parityodd,6.0,6,6.0,6.0,6.0,6.0,6.0,6.0,6.0,6.0,5.0,5.0,5.0,5.0,5.0,4.0,4.0,5.0,9.0,9.0,7.0,7.0,6.0,5.0,5.0,5.0,11
killingyano,3.0,3,2.0,2.0,3.0,3.0,3.0,5.0,5.0,5.0,5.0,5.0,7.0,7.0,7.0,7.0,7.0,8.0,7.0,7.0,7.0,7.0,7.0,7.0,7.0,7.0,11
bcj,8.0,8,8.0,7.0,7.0,7.0,7.0,7.0,8.0,7.0,7.0,7.0,7.0,7.0,7.0,5.0,5.0,5.0,7.0,7.0,4.0,3.0,3.0,3.0,3.0,3.0,11
higherform,4.0,4,4.0,4.0,4.0,3.0,3.0,3.0,5.0,5.0,6.0,6.0,3.0,3.0,3.0,3.0,5.0,7.0,7.0,7.0,7.0,7.0,7.0,7.0,7.0,7.0,11
shiftsymmetric,5.0,6,6.0,6.0,6.0,7.0,6.0,6.0,6.0,6.0,5.0,5.0,5.0,5.0,7.0,7.0,8.0,9.0,8.0,8.0,8.0,8.0,8.0,6.0,6.0,6.0,11
ns,5.0,5,5.0,7.0,7.0,7.0,9.0,9.0,8.0,8.0,8.0,8.0,7.0,7.0,5.0,5.0,5.0,6.0,6.0,6.0,6.0,6.0,6.0,6.0,6.0,6.0,11
fqh,3.0,3,0.0,0.0,0.0,0.0,0.0,0.0,0.0,0.0,0.0,0.0,0.0,4.0,4.0,4.0,4.0,8.0,8.0,8.0,8.0,8.0,8.0,8.0,8.0,8.0,11
bunchdavies,6.0,7,6.0,6.0,5.0,5.0,6.0,6.0,7.0,6.0,6.0,6.0,6.0,6.0,6.0,6.0,5.0,6.0,6.0,6.0,6.0,6.0,6.0,6.0,6.0,5.0,11
reparametrization,6.0,6,6.0,6.0,5.0,5.0,6.0,6.0,6.0,5.0,5.0,5.0,6.0,6.0,7.0,7.0,7.0,8.0,8.0,8.0,7.0,7.0,7.0,7.0,7.0,6.0,11
propto,7.0,7,7.0,7.0,7.0,7.0,8.0,8.0,7.0,7.0,6.0,6.0,6.0,3.0,4.0,5.0,6.0,6.0,6.0,6.0,6.0,5.0,5.0,5.0,5.0,5.0,11
dyson,6.0,6,6.0,4.0,4.0,6.0,6.0,6.0,6.0,7.0,6.0,7.0,7.0,7.0,7.0,7.0,8.0,8.0,8.0,8.0,8.0,8.0,8.0,7.0,7.0,5.0,11
cl,6.0,5,4.0,4.0,4.0,4.0,5.0,5.0,5.0,4.0,4.0,4.0,4.0,4.0,4.0,8.0,8.0,8.0,8.0,8.0,7.0,7.0,7.0,7.0,6.0,6.0,11
orientifolds,6.0,6,6.0,7.0,8.0,8.0,8.0,10.0,9.0,9.0,9.0,9.0,9.0,9.0,9.0,10.0,10.0,7.0,6.0,6.0,5.0,5.0,5.0,5.0,5.0,5.0,11
vevs,7.0,7,7.0,7.0,2.0,2.0,2.0,2.0,2.0,2.0,2.0,2.0,2.0,2.0,2.0,5.0,5.0,5.0,5.0,5.0,5.0,5.0,5.0,5.0,4.0,4.0,11
weierstrass,6.0,7,8.0,8.0,8.0,9.0,8.0,8.0,7.0,7.0,8.0,8.0,8.0,8.0,8.0,9.0,9.0,9.0,9.0,8.0,8.0,7.0,7.0,6.0,6.0,6.0,11
supermanifolds,8.0,8,8.0,8.0,8.0,1.0,1.0,1.0,1.0,1.0,1.0,3.0,3.0,3.0,4.0,4.0,4.0,4.0,4.0,4.0,4.0,4.0,4.0,4.0,4.0,4.0,11
syklike,7.0,7,7.0,7.0,8.0,7.0,6.0,6.0,6.0,4.0,5.0,5.0,6.0,6.0,6.0,6.0,6.0,6.0,6.0,6.0,4.0,4.0,4.0,4.0,4.0,4.0,11
godeltype,2.0,2,2.0,2.0,0.0,0.0,0.0,0.0,1.0,1.0,1.0,1.0,1.0,1.0,1.0,1.0,1.0,1.0,1.0,1.0,1.0,1.0,1.0,1.0,1.0,1.0,11
gedanken,8.0,9,9.0,9.0,9.0,9.0,9.0,10.0,10.0,10.0,10.0,5.0,5.0,5.0,5.0,3.0,3.0,3.0,3.0,3.0,3.0,3.0,3.0,3.0,3.0,3.0,11
tricritical,4.0,4,4.0,4.0,9.0,9.0,9.0,11.0,11.0,11.0,10.0,8.0,8.0,8.0,8.0,8.0,8.0,8.0,8.0,7.0,7.0,7.0,7.0,7.0,7.0,7.0,11
subplanckian,6.0,6,6.0,8.0,7.0,9.0,10.0,10.0,10.0,10.0,10.0,9.0,8.0,8.0,8.0,8.0,8.0,8.0,8.0,8.0,8.0,7.0,7.0,6.0,6.0,6.0,11
quarkonium,8.0,8,11.0,10.0,10.0,10.0,6.0,6.0,6.0,6.0,6.0,6.0,6.0,6.0,6.0,6.0,6.0,6.0,6.0,4.0,4.0,4.0,4.0,4.0,3.0,3.0,11
sugra,11.0,11,11.0,8.0,8.0,8.0,8.0,8.0,8.0,4.0,4.0,4.0,4.0,4.0,4.0,4.0,4.0,4.0,3.0,3.0,3.0,3.0,2.0,2.0,2.0,2.0,11
pidm,11.0,11,11.0,11.0,11.0,11.0,11.0,11.0,11.0,11.0,11.0,11.0,11.0,11.0,11.0,11.0,11.0,11.0,11.0,11.0,11.0,0.0,0.0,0.0,0.0,0.0,11
pn,11.0,11,8.0,2.0,2.0,2.0,2.0,2.0,2.0,2.0,2.0,2.0,2.0,2.0,1.0,1.0,1.0,1.0,0.0,0.0,0.0,0.0,0.0,0.0,0.0,0.0,11
anapole,11.0,11,11.0,11.0,11.0,11.0,10.0,10.0,0.0,0.0,0.0,0.0,0.0,0.0,0.0,0.0,0.0,0.0,0.0,0.0,0.0,0.0,0.0,0.0,0.0,0.0,11
