,2017-11-06,2017-11-13,2017-11-20,2017-11-27,2017-12-04,2017-12-11,2017-12-18,2017-12-25,2018-01-01,2018-01-08,2018-01-15,2018-01-22,2018-01-29,2018-02-05,2018-02-12,2018-02-19,2018-02-26,2018-03-05,2018-03-12,2018-03-19,2018-03-26,2018-04-02,2018-04-09,2018-04-16,2018-04-23,2018-04-30
instanton,48.0,46,53.0,55.0,59.0,62.0,63.0,63.0,63.0,64.0,68.0,65.0,64.0,61.0,60.0,62.0,61.0,64.0,64.0,67.0,68.0,69.0,67.0,67.0,67.0,71.0
poincare,51.0,51,49.0,52.0,54.0,53.0,57.0,58.0,57.0,57.0,61.0,60.0,57.0,64.0,58.0,56.0,56.0,55.0,52.0,51.0,52.0,57.0,64.0,66.0,69.0,68.0
earlier,43.0,44,47.0,46.0,48.0,49.0,49.0,50.0,52.0,52.0,51.0,50.0,51.0,51.0,54.0,53.0,55.0,58.0,62.0,61.0,61.0,63.0,63.0,64.0,68.0,68.0
baryon,52.0,55,62.0,62.0,62.0,52.0,49.0,58.0,62.0,59.0,55.0,53.0,54.0,55.0,60.0,64.0,66.0,61.0,61.0,61.0,64.0,66.0,67.0,66.0,68.0,67.0
kerr,48.0,50,47.0,44.0,46.0,42.0,43.0,46.0,47.0,45.0,45.0,41.0,43.0,44.0,45.0,44.0,45.0,43.0,48.0,54.0,55.0,51.0,53.0,59.0,66.0,67.0
iib,53.0,57,60.0,60.0,60.0,59.0,66.0,70.0,70.0,72.0,70.0,71.0,72.0,72.0,72.0,74.0,75.0,75.0,68.0,72.0,73.0,72.0,73.0,72.0,70.0,66.0
kahler,53.0,56,56.0,59.0,63.0,64.0,57.0,58.0,58.0,58.0,56.0,59.0,56.0,56.0,54.0,51.0,47.0,47.0,45.0,46.0,50.0,52.0,47.0,55.0,57.0,61.0
brst,51.0,50,56.0,57.0,55.0,56.0,61.0,61.0,61.0,62.0,63.0,59.0,59.0,62.0,62.0,66.0,63.0,65.0,65.0,68.0,70.0,69.0,69.0,53.0,54.0,61.0
scfts,17.0,19,17.0,18.0,21.0,28.0,27.0,28.0,29.0,30.0,37.0,35.0,35.0,33.0,33.0,36.0,37.0,44.0,44.0,44.0,46.0,46.0,46.0,55.0,56.0,60.0
quasinormal,49.0,52,50.0,50.0,49.0,54.0,55.0,60.0,63.0,62.0,65.0,59.0,59.0,60.0,56.0,54.0,57.0,54.0,47.0,48.0,52.0,56.0,58.0,59.0,61.0,59.0
fourpoint,41.0,44,52.0,54.0,53.0,57.0,57.0,59.0,57.0,58.0,58.0,57.0,58.0,59.0,60.0,61.0,58.0,60.0,61.0,57.0,60.0,62.0,64.0,66.0,61.0,58.0
hooft,37.0,41,44.0,44.0,51.0,47.0,48.0,47.0,44.0,46.0,46.0,46.0,44.0,43.0,45.0,50.0,50.0,52.0,54.0,54.0,57.0,57.0,59.0,60.0,59.0,58.0
fermi,33.0,36,37.0,36.0,39.0,39.0,33.0,41.0,41.0,41.0,44.0,45.0,43.0,43.0,45.0,45.0,45.0,45.0,47.0,47.0,48.0,47.0,51.0,52.0,58.0,58.0
lowenergy,64.0,66,67.0,67.0,69.0,69.0,65.0,67.0,63.0,62.0,65.0,64.0,63.0,61.0,59.0,59.0,60.0,58.0,54.0,54.0,56.0,56.0,53.0,53.0,58.0,57.0
energymomentum,49.0,46,46.0,53.0,54.0,55.0,53.0,53.0,53.0,53.0,50.0,51.0,51.0,51.0,50.0,51.0,51.0,51.0,51.0,53.0,54.0,52.0,58.0,59.0,58.0,56.0
holography,60.0,58,58.0,59.0,60.0,63.0,60.0,61.0,63.0,62.0,61.0,59.0,58.0,59.0,56.0,58.0,60.0,56.0,55.0,55.0,50.0,55.0,58.0,57.0,56.0,56.0
timedependent,43.0,37,39.0,41.0,36.0,36.0,35.0,42.0,43.0,44.0,44.0,42.0,42.0,45.0,44.0,47.0,48.0,48.0,49.0,55.0,53.0,50.0,50.0,51.0,53.0,55.0
worldsheet,47.0,56,57.0,61.0,59.0,57.0,58.0,60.0,60.0,60.0,58.0,57.0,57.0,56.0,56.0,55.0,55.0,53.0,52.0,54.0,54.0,57.0,57.0,54.0,49.0,55.0
spinors,49.0,46,46.0,46.0,44.0,42.0,42.0,42.0,42.0,41.0,40.0,40.0,52.0,50.0,52.0,57.0,58.0,64.0,60.0,60.0,60.0,61.0,62.0,61.0,57.0,54.0
slowroll,51.0,51,51.0,53.0,52.0,53.0,52.0,56.0,59.0,56.0,54.0,51.0,50.0,50.0,52.0,54.0,56.0,54.0,50.0,48.0,49.0,48.0,48.0,51.0,56.0,54.0
qed,43.0,38,40.0,40.0,37.0,36.0,34.0,38.0,40.0,42.0,38.0,39.0,41.0,44.0,46.0,48.0,49.0,47.0,49.0,50.0,49.0,49.0,48.0,48.0,52.0,54.0
qft,17.0,19,20.0,22.0,26.0,28.0,32.0,41.0,39.0,37.0,37.0,37.0,35.0,35.0,35.0,40.0,41.0,45.0,46.0,45.0,46.0,47.0,45.0,50.0,49.0,53.0
compactification,44.0,43,44.0,44.0,45.0,43.0,47.0,47.0,46.0,41.0,40.0,38.0,41.0,41.0,40.0,42.0,41.0,41.0,49.0,51.0,54.0,56.0,53.0,52.0,54.0,52.0
sm,18.0,16,19.0,22.0,23.0,22.0,18.0,18.0,20.0,20.0,30.0,30.0,30.0,32.0,35.0,35.0,36.0,36.0,36.0,38.0,52.0,52.0,54.0,54.0,52.0,52.0
sym,39.0,38,42.0,40.0,40.0,42.0,40.0,44.0,43.0,43.0,43.0,42.0,42.0,41.0,44.0,46.0,49.0,51.0,50.0,50.0,49.0,49.0,50.0,54.0,51.0,52.0
onshell,38.0,38,41.0,39.0,40.0,40.0,42.0,48.0,51.0,51.0,51.0,49.0,49.0,50.0,53.0,56.0,57.0,51.0,50.0,50.0,52.0,51.0,52.0,53.0,51.0,52.0
ricci,34.0,36,37.0,38.0,38.0,38.0,37.0,40.0,46.0,45.0,41.0,45.0,43.0,46.0,45.0,45.0,43.0,43.0,43.0,42.0,41.0,42.0,47.0,47.0,49.0,52.0
compactifications,53.0,54,53.0,53.0,53.0,51.0,54.0,67.0,63.0,61.0,60.0,56.0,55.0,55.0,54.0,57.0,54.0,53.0,50.0,52.0,55.0,56.0,55.0,53.0,50.0,50.0
scalartensor,31.0,33,37.0,38.0,39.0,42.0,44.0,45.0,45.0,42.0,43.0,41.0,43.0,43.0,43.0,43.0,47.0,47.0,48.0,50.0,50.0,50.0,55.0,54.0,49.0,49.0
superstring,40.0,38,39.0,43.0,42.0,38.0,43.0,44.0,44.0,44.0,45.0,45.0,46.0,46.0,45.0,48.0,52.0,51.0,44.0,50.0,49.0,51.0,48.0,45.0,49.0,49.0
antide,58.0,60,59.0,57.0,58.0,59.0,58.0,57.0,61.0,60.0,57.0,61.0,60.0,62.0,60.0,59.0,60.0,56.0,51.0,53.0,50.0,48.0,48.0,50.0,50.0,48.0
wellknown,37.0,35,35.0,33.0,33.0,34.0,37.0,35.0,35.0,35.0,34.0,34.0,35.0,39.0,40.0,41.0,43.0,41.0,43.0,43.0,40.0,41.0,42.0,46.0,48.0,48.0
spacelike,24.0,26,27.0,25.0,26.0,29.0,29.0,28.0,31.0,35.0,35.0,33.0,32.0,32.0,29.0,31.0,33.0,37.0,39.0,37.0,36.0,39.0,39.0,45.0,47.0,46.0
schrodinger,28.0,28,27.0,25.0,24.0,26.0,27.0,28.0,26.0,27.0,28.0,28.0,30.0,32.0,38.0,38.0,39.0,40.0,43.0,45.0,46.0,46.0,45.0,46.0,46.0,46.0
gluon,56.0,57,52.0,49.0,49.0,48.0,41.0,40.0,41.0,42.0,42.0,41.0,38.0,41.0,40.0,40.0,43.0,40.0,41.0,44.0,45.0,40.0,44.0,43.0,46.0,46.0
superpotential,28.0,27,27.0,27.0,39.0,42.0,42.0,44.0,42.0,41.0,40.0,40.0,36.0,36.0,36.0,36.0,36.0,39.0,41.0,40.0,42.0,44.0,45.0,43.0,44.0,46.0
tduality,50.0,49,45.0,44.0,44.0,46.0,50.0,50.0,46.0,44.0,44.0,44.0,41.0,41.0,40.0,38.0,40.0,39.0,40.0,46.0,50.0,49.0,49.0,50.0,46.0,45.0
ftheory,45.0,45,47.0,48.0,48.0,47.0,47.0,52.0,42.0,39.0,39.0,40.0,42.0,43.0,43.0,43.0,47.0,47.0,46.0,52.0,50.0,50.0,46.0,44.0,45.0,44.0
gr,29.0,29,35.0,29.0,34.0,31.0,30.0,30.0,30.0,29.0,27.0,27.0,27.0,29.0,30.0,29.0,28.0,29.0,29.0,29.0,29.0,29.0,41.0,44.0,44.0,44.0
mellin,15.0,17,18.0,25.0,26.0,27.0,27.0,32.0,33.0,33.0,33.0,33.0,38.0,39.0,39.0,39.0,39.0,40.0,40.0,43.0,43.0,39.0,42.0,42.0,41.0,44.0
firstorder,39.0,38,39.0,39.0,38.0,37.0,39.0,42.0,41.0,42.0,36.0,35.0,35.0,34.0,33.0,36.0,35.0,38.0,40.0,37.0,39.0,38.0,38.0,39.0,44.0,43.0
lowest,52.0,55,55.0,56.0,52.0,49.0,49.0,46.0,48.0,48.0,49.0,46.0,45.0,46.0,48.0,48.0,49.0,50.0,46.0,46.0,46.0,48.0,46.0,44.0,44.0,42.0
iia,32.0,30,30.0,33.0,36.0,33.0,37.0,41.0,41.0,41.0,40.0,36.0,34.0,39.0,39.0,46.0,46.0,45.0,42.0,44.0,43.0,44.0,43.0,43.0,41.0,42.0
kaluzaklein,24.0,27,27.0,28.0,29.0,30.0,30.0,29.0,32.0,34.0,35.0,38.0,38.0,38.0,36.0,38.0,42.0,43.0,42.0,41.0,39.0,39.0,42.0,42.0,41.0,42.0
frac,24.0,24,24.0,24.0,24.0,17.0,17.0,19.0,18.0,45.0,46.0,44.0,45.0,46.0,45.0,45.0,46.0,47.0,47.0,41.0,41.0,40.0,40.0,40.0,41.0,42.0
gravitons,53.0,54,57.0,58.0,60.0,59.0,56.0,55.0,55.0,55.0,57.0,51.0,50.0,51.0,48.0,46.0,48.0,45.0,43.0,43.0,40.0,40.0,45.0,44.0,42.0,41.0
orbifold,45.0,45,47.0,46.0,47.0,49.0,48.0,51.0,52.0,53.0,52.0,49.0,47.0,44.0,42.0,41.0,41.0,37.0,36.0,36.0,37.0,33.0,37.0,40.0,42.0,41.0
offshell,48.0,45,48.0,50.0,51.0,52.0,49.0,51.0,50.0,45.0,45.0,45.0,43.0,41.0,42.0,39.0,41.0,43.0,45.0,46.0,47.0,46.0,43.0,41.0,40.0,40.0
simplest,46.0,46,48.0,50.0,50.0,50.0,49.0,49.0,48.0,47.0,47.0,47.0,47.0,47.0,48.0,52.0,49.0,50.0,45.0,46.0,45.0,42.0,42.0,40.0,40.0,40.0
iii,22.0,21,20.0,20.0,20.0,25.0,23.0,26.0,28.0,28.0,29.0,26.0,27.0,31.0,29.0,29.0,29.0,29.0,29.0,30.0,34.0,36.0,36.0,36.0,40.0,40.0
treelevel,42.0,42,40.0,42.0,43.0,42.0,40.0,41.0,37.0,38.0,37.0,37.0,38.0,37.0,39.0,40.0,42.0,43.0,43.0,43.0,43.0,43.0,42.0,40.0,37.0,40.0
electroweak,40.0,41,46.0,48.0,43.0,43.0,40.0,38.0,40.0,39.0,39.0,38.0,34.0,33.0,32.0,32.0,34.0,39.0,40.0,35.0,40.0,38.0,36.0,35.0,37.0,40.0
horndeski,46.0,43,45.0,43.0,44.0,44.0,42.0,42.0,44.0,45.0,40.0,37.0,42.0,42.0,39.0,39.0,38.0,39.0,38.0,38.0,45.0,44.0,45.0,47.0,42.0,39.0
emph,25.0,25,25.0,24.0,24.0,20.0,22.0,24.0,22.0,22.0,23.0,29.0,31.0,31.0,38.0,35.0,37.0,37.0,37.0,35.0,33.0,33.0,33.0,38.0,40.0,39.0
et,31.0,33,30.0,31.0,32.0,32.0,32.0,31.0,32.0,34.0,35.0,33.0,32.0,34.0,37.0,37.0,40.0,42.0,39.0,41.0,42.0,42.0,41.0,41.0,39.0,39.0
superspace,30.0,31,26.0,29.0,29.0,28.0,34.0,32.0,35.0,29.0,28.0,28.0,30.0,30.0,31.0,31.0,32.0,36.0,32.0,33.0,35.0,36.0,36.0,37.0,38.0,39.0
gaugeinvariant,38.0,39,39.0,40.0,41.0,38.0,39.0,40.0,42.0,41.0,41.0,42.0,42.0,42.0,43.0,42.0,44.0,42.0,42.0,45.0,44.0,45.0,37.0,40.0,40.0,38.0
manybody,47.0,48,52.0,47.0,46.0,49.0,51.0,52.0,52.0,50.0,54.0,54.0,54.0,57.0,57.0,57.0,57.0,57.0,56.0,58.0,57.0,52.0,41.0,39.0,39.0,38.0
lorentzian,33.0,37,38.0,37.0,38.0,38.0,40.0,41.0,39.0,38.0,40.0,40.0,43.0,45.0,45.0,43.0,43.0,41.0,39.0,40.0,39.0,39.0,40.0,38.0,37.0,38.0
twoloop,34.0,37,36.0,36.0,37.0,38.0,38.0,40.0,40.0,40.0,42.0,42.0,42.0,42.0,42.0,41.0,41.0,43.0,42.0,38.0,35.0,36.0,33.0,38.0,37.0,38.0
unruh,27.0,24,24.0,24.0,24.0,24.0,24.0,26.0,25.0,24.0,24.0,24.0,24.0,25.0,25.0,25.0,25.0,23.0,17.0,21.0,23.0,23.0,29.0,32.0,30.0,38.0
noether,24.0,25,26.0,28.0,33.0,34.0,33.0,38.0,38.0,37.0,37.0,36.0,41.0,41.0,39.0,39.0,37.0,36.0,42.0,42.0,41.0,41.0,41.0,42.0,40.0,37.0
timelike,21.0,21,17.0,17.0,17.0,20.0,19.0,21.0,24.0,26.0,26.0,28.0,30.0,30.0,29.0,29.0,32.0,33.0,32.0,31.0,35.0,37.0,37.0,37.0,39.0,37.0
neumann,22.0,25,26.0,26.0,30.0,29.0,29.0,30.0,30.0,30.0,32.0,29.0,28.0,30.0,31.0,38.0,39.0,40.0,40.0,40.0,40.0,38.0,37.0,38.0,38.0,37.0
ising,41.0,41,38.0,36.0,39.0,41.0,39.0,42.0,38.0,38.0,38.0,31.0,33.0,33.0,40.0,40.0,41.0,42.0,41.0,39.0,39.0,41.0,39.0,37.0,37.0,37.0
gaussbonnet,44.0,35,35.0,35.0,37.0,45.0,45.0,43.0,40.0,40.0,39.0,39.0,37.0,40.0,38.0,36.0,34.0,35.0,36.0,37.0,32.0,32.0,36.0,37.0,37.0,37.0
renormalisation,24.0,23,38.0,39.0,41.0,40.0,41.0,41.0,43.0,43.0,43.0,46.0,47.0,40.0,39.0,39.0,39.0,39.0,39.0,40.0,40.0,40.0,40.0,39.0,35.0,37.0
virasoro,38.0,37,34.0,35.0,35.0,38.0,39.0,45.0,45.0,45.0,45.0,41.0,36.0,35.0,34.0,33.0,34.0,34.0,32.0,32.0,32.0,34.0,37.0,37.0,38.0,36.0
welldefined,20.0,20,20.0,20.0,23.0,25.0,25.0,26.0,27.0,28.0,29.0,29.0,32.0,33.0,32.0,32.0,31.0,34.0,34.0,33.0,33.0,34.0,35.0,36.0,36.0,36.0
mtheory,31.0,30,29.0,28.0,28.0,28.0,28.0,35.0,36.0,34.0,33.0,31.0,31.0,30.0,29.0,29.0,29.0,33.0,35.0,36.0,35.0,36.0,38.0,38.0,35.0,36.0
heisenberg,32.0,32,33.0,33.0,34.0,30.0,28.0,30.0,31.0,31.0,32.0,33.0,34.0,37.0,40.0,41.0,38.0,42.0,42.0,37.0,38.0,38.0,39.0,38.0,39.0,35.0
higherspin,54.0,49,49.0,49.0,50.0,51.0,43.0,46.0,50.0,47.0,41.0,41.0,39.0,38.0,40.0,40.0,40.0,37.0,37.0,37.0,34.0,34.0,34.0,35.0,38.0,35.0
bh,59.0,58,57.0,53.0,53.0,49.0,42.0,38.0,39.0,39.0,39.0,36.0,33.0,33.0,39.0,39.0,43.0,41.0,35.0,30.0,35.0,35.0,36.0,37.0,37.0,35.0
cohomology,46.0,43,40.0,41.0,37.0,38.0,33.0,41.0,38.0,37.0,38.0,33.0,33.0,32.0,33.0,32.0,33.0,35.0,34.0,32.0,31.0,35.0,35.0,35.0,35.0,35.0
onedimensional,39.0,39,40.0,41.0,42.0,44.0,45.0,43.0,45.0,43.0,43.0,41.0,39.0,41.0,41.0,40.0,41.0,42.0,43.0,42.0,41.0,40.0,39.0,39.0,39.0,34.0
superfield,44.0,47,48.0,44.0,47.0,48.0,51.0,50.0,51.0,50.0,52.0,53.0,52.0,52.0,52.0,52.0,46.0,46.0,45.0,45.0,41.0,40.0,38.0,34.0,34.0,34.0
majorana,60.0,60,63.0,67.0,64.0,67.0,63.0,64.0,60.0,59.0,53.0,52.0,56.0,43.0,43.0,42.0,35.0,36.0,36.0,35.0,30.0,31.0,34.0,32.0,31.0,34.0
resummation,13.0,15,15.0,14.0,12.0,17.0,17.0,19.0,19.0,19.0,22.0,22.0,22.0,24.0,24.0,25.0,25.0,25.0,25.0,25.0,25.0,25.0,25.0,34.0,33.0,33.0
kk,9.0,10,13.0,13.0,13.0,13.0,12.0,12.0,16.0,16.0,17.0,15.0,17.0,17.0,15.0,19.0,23.0,23.0,23.0,23.0,23.0,29.0,35.0,33.0,33.0,33.0
gapless,40.0,39,38.0,38.0,45.0,48.0,44.0,41.0,42.0,41.0,37.0,36.0,34.0,34.0,35.0,35.0,34.0,30.0,28.0,27.0,28.0,31.0,31.0,31.0,33.0,33.0
lightcone,29.0,27,25.0,23.0,22.0,25.0,25.0,25.0,26.0,26.0,27.0,25.0,25.0,25.0,25.0,26.0,26.0,25.0,26.0,26.0,25.0,24.0,26.0,33.0,35.0,32.0
instantons,36.0,36,39.0,39.0,40.0,40.0,40.0,39.0,39.0,39.0,38.0,39.0,36.0,36.0,35.0,35.0,35.0,37.0,36.0,38.0,38.0,38.0,37.0,35.0,34.0,32.0
higherorder,28.0,24,24.0,25.0,27.0,26.0,25.0,25.0,23.0,23.0,20.0,20.0,19.0,21.0,20.0,18.0,19.0,21.0,21.0,22.0,26.0,25.0,25.0,28.0,31.0,32.0
poisson,14.0,17,16.0,16.0,16.0,16.0,15.0,18.0,18.0,17.0,18.0,17.0,18.0,18.0,18.0,22.0,22.0,22.0,21.0,22.0,24.0,26.0,26.0,31.0,30.0,32.0
regge,41.0,36,37.0,37.0,37.0,36.0,37.0,39.0,38.0,38.0,38.0,38.0,33.0,34.0,30.0,30.0,32.0,35.0,33.0,33.0,33.0,29.0,30.0,29.0,30.0,32.0
blackhole,40.0,39,38.0,34.0,34.0,33.0,33.0,30.0,30.0,28.0,28.0,19.0,25.0,25.0,23.0,22.0,26.0,26.0,27.0,30.0,32.0,34.0,28.0,30.0,29.0,32.0
yukawa,37.0,39,41.0,39.0,39.0,37.0,34.0,37.0,33.0,32.0,30.0,26.0,26.0,26.0,29.0,31.0,31.0,31.0,29.0,30.0,31.0,32.0,28.0,30.0,34.0,31.0
decoupling,23.0,23,21.0,22.0,23.0,21.0,25.0,26.0,28.0,30.0,30.0,30.0,33.0,32.0,32.0,33.0,31.0,32.0,30.0,30.0,36.0,36.0,35.0,35.0,32.0,31.0
compactified,28.0,28,27.0,33.0,31.0,33.0,31.0,31.0,32.0,32.0,32.0,31.0,29.0,28.0,28.0,30.0,30.0,30.0,29.0,29.0,31.0,33.0,32.0,32.0,32.0,31.0
bhs,13.0,13,13.0,13.0,13.0,13.0,20.0,15.0,15.0,15.0,15.0,15.0,15.0,15.0,20.0,20.0,19.0,18.0,17.0,15.0,20.0,20.0,20.0,29.0,29.0,31.0
lifshitz,40.0,40,44.0,46.0,46.0,46.0,47.0,47.0,44.0,40.0,45.0,41.0,39.0,40.0,40.0,33.0,35.0,38.0,34.0,34.0,35.0,35.0,33.0,30.0,31.0,30.0
mathcal,52.0,54,54.0,51.0,46.0,42.0,39.0,45.0,44.0,44.0,44.0,39.0,39.0,41.0,42.0,42.0,41.0,41.0,42.0,40.0,40.0,40.0,44.0,46.0,30.0,30.0
gw,21.0,20,20.0,20.0,20.0,20.0,20.0,20.0,24.0,24.0,21.0,22.0,19.0,19.0,21.0,28.0,28.0,30.0,30.0,30.0,30.0,30.0,30.0,36.0,28.0,30.0
superalgebra,22.0,21,19.0,19.0,18.0,20.0,21.0,21.0,19.0,19.0,19.0,22.0,24.0,24.0,23.0,25.0,25.0,25.0,25.0,27.0,28.0,28.0,28.0,28.0,28.0,30.0
btz,45.0,45,41.0,40.0,37.0,39.0,39.0,38.0,39.0,38.0,39.0,38.0,37.0,36.0,37.0,30.0,31.0,33.0,33.0,31.0,25.0,27.0,29.0,31.0,26.0,30.0
powerlaw,36.0,36,40.0,39.0,37.0,38.0,38.0,38.0,38.0,37.0,36.0,35.0,34.0,31.0,31.0,36.0,37.0,34.0,33.0,33.0,34.0,34.0,34.0,32.0,32.0,29.0
witten,48.0,47,45.0,45.0,41.0,43.0,44.0,46.0,46.0,45.0,42.0,42.0,37.0,36.0,37.0,39.0,35.0,33.0,34.0,33.0,33.0,31.0,33.0,34.0,31.0,29.0
fivedimensional,38.0,36,35.0,34.0,37.0,38.0,36.0,37.0,39.0,39.0,40.0,38.0,34.0,34.0,35.0,35.0,38.0,34.0,33.0,31.0,31.0,32.0,31.0,32.0,31.0,29.0
graphene,21.0,18,18.0,18.0,15.0,15.0,16.0,16.0,20.0,23.0,24.0,22.0,27.0,29.0,28.0,31.0,31.0,28.0,29.0,30.0,30.0,30.0,31.0,31.0,31.0,29.0
superfields,41.0,40,38.0,40.0,41.0,43.0,45.0,43.0,42.0,39.0,39.0,38.0,34.0,35.0,35.0,35.0,36.0,37.0,36.0,37.0,33.0,31.0,31.0,26.0,28.0,29.0
sixdimensional,28.0,29,30.0,30.0,29.0,32.0,30.0,35.0,33.0,32.0,31.0,30.0,30.0,29.0,28.0,29.0,30.0,27.0,25.0,25.0,25.0,23.0,23.0,25.0,28.0,29.0
backreaction,48.0,48,44.0,44.0,43.0,43.0,45.0,48.0,47.0,44.0,44.0,41.0,38.0,36.0,33.0,29.0,29.0,28.0,27.0,27.0,30.0,27.0,29.0,32.0,30.0,28.0
supergravities,20.0,19,22.0,24.0,23.0,23.0,21.0,23.0,25.0,25.0,24.0,22.0,22.0,22.0,25.0,27.0,30.0,30.0,30.0,29.0,30.0,31.0,30.0,30.0,30.0,28.0
euler,18.0,18,17.0,18.0,21.0,21.0,21.0,22.0,25.0,27.0,25.0,26.0,24.0,25.0,24.0,25.0,25.0,24.0,25.0,29.0,30.0,29.0,29.0,28.0,28.0,28.0
diffeomorphism,19.0,18,18.0,20.0,20.0,20.0,23.0,26.0,25.0,26.0,25.0,27.0,27.0,27.0,31.0,31.0,32.0,33.0,32.0,30.0,26.0,28.0,28.0,28.0,28.0,28.0
renormalizable,23.0,21,23.0,23.0,23.0,21.0,24.0,24.0,25.0,26.0,25.0,22.0,21.0,21.0,21.0,23.0,22.0,24.0,22.0,23.0,24.0,22.0,22.0,23.0,24.0,28.0
nambugoldstone,22.0,23,24.0,23.0,23.0,22.0,22.0,23.0,25.0,25.0,26.0,26.0,25.0,26.0,28.0,27.0,27.0,30.0,30.0,30.0,31.0,32.0,32.0,33.0,35.0,27.0
generalised,59.0,56,56.0,55.0,52.0,55.0,54.0,52.0,54.0,51.0,50.0,48.0,46.0,48.0,43.0,44.0,42.0,39.0,39.0,38.0,36.0,32.0,32.0,29.0,31.0,27.0
liouville,27.0,28,25.0,24.0,25.0,26.0,25.0,23.0,24.0,24.0,23.0,23.0,23.0,29.0,29.0,30.0,29.0,28.0,30.0,30.0,31.0,30.0,31.0,33.0,28.0,27.0
scft,6.0,6,12.0,12.0,12.0,14.0,16.0,17.0,17.0,18.0,23.0,23.0,23.0,23.0,23.0,25.0,26.0,27.0,29.0,29.0,29.0,29.0,29.0,29.0,27.0,27.0
skyrme,15.0,16,16.0,18.0,20.0,19.0,20.0,22.0,22.0,22.0,20.0,23.0,22.0,23.0,25.0,25.0,26.0,26.0,26.0,29.0,29.0,33.0,31.0,26.0,27.0,27.0
nongaussianity,19.0,20,20.0,18.0,16.0,15.0,15.0,19.0,26.0,26.0,26.0,26.0,26.0,28.0,27.0,29.0,27.0,27.0,27.0,27.0,22.0,22.0,22.0,22.0,27.0,27.0
solitons,23.0,23,23.0,25.0,25.0,25.0,24.0,24.0,24.0,24.0,23.0,20.0,24.0,26.0,26.0,29.0,29.0,30.0,34.0,34.0,33.0,33.0,30.0,27.0,26.0,27.0
selfdual,29.0,28,28.0,28.0,27.0,28.0,25.0,27.0,28.0,29.0,30.0,29.0,29.0,29.0,30.0,30.0,31.0,29.0,30.0,29.0,28.0,28.0,25.0,27.0,26.0,27.0
highenergy,17.0,16,17.0,17.0,19.0,20.0,19.0,22.0,18.0,18.0,21.0,20.0,20.0,22.0,22.0,22.0,23.0,23.0,23.0,21.0,23.0,23.0,23.0,23.0,26.0,27.0
threepoint,24.0,21,23.0,23.0,25.0,24.0,24.0,23.0,23.0,24.0,22.0,22.0,22.0,22.0,21.0,22.0,23.0,25.0,26.0,27.0,26.0,26.0,28.0,25.0,25.0,27.0
lyapunov,24.0,25,27.0,26.0,24.0,27.0,27.0,26.0,26.0,27.0,25.0,25.0,24.0,24.0,24.0,25.0,27.0,21.0,23.0,28.0,25.0,26.0,24.0,24.0,25.0,27.0
latetime,29.0,30,31.0,31.0,31.0,29.0,26.0,27.0,31.0,32.0,34.0,35.0,32.0,32.0,34.0,34.0,33.0,32.0,33.0,32.0,33.0,29.0,28.0,28.0,28.0,26.0
hypermultiplets,13.0,13,13.0,12.0,15.0,18.0,19.0,20.0,18.0,19.0,18.0,18.0,19.0,19.0,19.0,23.0,23.0,27.0,27.0,26.0,26.0,26.0,23.0,25.0,28.0,26.0
nearhorizon,16.0,16,16.0,16.0,15.0,14.0,13.0,13.0,14.0,12.0,12.0,12.0,13.0,14.0,16.0,16.0,17.0,17.0,19.0,20.0,20.0,23.0,24.0,27.0,27.0,26.0
gluons,33.0,34,34.0,32.0,29.0,29.0,29.0,29.0,27.0,29.0,29.0,30.0,31.0,29.0,30.0,30.0,32.0,27.0,29.0,28.0,28.0,24.0,23.0,24.0,27.0,26.0
mathrm,17.0,19,33.0,33.0,33.0,31.0,31.0,32.0,32.0,36.0,32.0,31.0,31.0,29.0,29.0,29.0,29.0,29.0,29.0,30.0,32.0,32.0,28.0,28.0,26.0,26.0
ligo,18.0,19,19.0,18.0,21.0,23.0,22.0,23.0,23.0,23.0,23.0,21.0,21.0,20.0,20.0,21.0,21.0,21.0,22.0,21.0,21.0,24.0,24.0,27.0,26.0,26.0
bv,19.0,19,19.0,22.0,23.0,23.0,23.0,23.0,20.0,20.0,20.0,19.0,17.0,17.0,17.0,23.0,23.0,24.0,24.0,26.0,26.0,26.0,26.0,26.0,26.0,26.0
noncompact,40.0,39,39.0,38.0,35.0,34.0,31.0,33.0,32.0,27.0,32.0,31.0,31.0,32.0,32.0,32.0,33.0,30.0,31.0,28.0,29.0,28.0,25.0,25.0,26.0,26.0
smatrix,30.0,28,27.0,28.0,25.0,26.0,24.0,24.0,22.0,22.0,24.0,23.0,23.0,21.0,19.0,23.0,20.0,19.0,19.0,20.0,21.0,22.0,22.0,25.0,25.0,26.0
twistor,29.0,29,25.0,25.0,26.0,36.0,36.0,39.0,40.0,39.0,37.0,36.0,40.0,40.0,40.0,41.0,41.0,40.0,30.0,30.0,26.0,26.0,26.0,26.0,26.0,25.0
diffeomorphisms,24.0,27,26.0,27.0,28.0,28.0,25.0,30.0,28.0,29.0,29.0,29.0,26.0,27.0,30.0,33.0,35.0,34.0,25.0,25.0,24.0,24.0,24.0,24.0,25.0,25.0
schwinger,22.0,23,22.0,21.0,20.0,17.0,19.0,21.0,23.0,24.0,23.0,23.0,23.0,23.0,23.0,25.0,23.0,20.0,24.0,24.0,25.0,25.0,25.0,22.0,23.0,25.0
secondorder,29.0,28,29.0,31.0,32.0,32.0,31.0,32.0,32.0,31.0,27.0,25.0,24.0,24.0,25.0,23.0,24.0,21.0,21.0,23.0,24.0,21.0,23.0,23.0,25.0,24.0
hermitian,19.0,21,21.0,22.0,23.0,23.0,21.0,19.0,19.0,18.0,22.0,22.0,23.0,24.0,25.0,23.0,23.0,23.0,22.0,26.0,29.0,29.0,28.0,26.0,24.0,24.0
sqcd,7.0,7,7.0,7.0,11.0,10.0,9.0,15.0,17.0,18.0,16.0,18.0,18.0,18.0,18.0,19.0,19.0,22.0,22.0,22.0,22.0,24.0,26.0,24.0,24.0,24.0
entropic,18.0,19,19.0,19.0,16.0,22.0,18.0,18.0,18.0,18.0,18.0,19.0,19.0,19.0,19.0,18.0,14.0,19.0,19.0,19.0,23.0,23.0,20.0,22.0,23.0,24.0
einsteinhilbert,30.0,27,28.0,27.0,26.0,25.0,24.0,24.0,24.0,24.0,23.0,22.0,22.0,23.0,23.0,23.0,26.0,28.0,27.0,28.0,26.0,27.0,24.0,24.0,22.0,24.0
renyi,45.0,45,48.0,46.0,42.0,42.0,41.0,39.0,31.0,31.0,30.0,30.0,30.0,28.0,28.0,24.0,28.0,28.0,31.0,28.0,28.0,20.0,21.0,21.0,21.0,24.0
microstates,15.0,15,12.0,10.0,10.0,11.0,11.0,11.0,11.0,10.0,11.0,11.0,14.0,16.0,18.0,18.0,16.0,16.0,16.0,19.0,19.0,18.0,20.0,20.0,20.0,24.0
wesszumino,11.0,11,11.0,12.0,12.0,13.0,17.0,16.0,14.0,14.0,14.0,13.0,16.0,16.0,16.0,17.0,16.0,16.0,16.0,16.0,14.0,14.0,18.0,19.0,20.0,24.0
galileon,38.0,37,30.0,30.0,30.0,30.0,30.0,30.0,41.0,39.0,37.0,35.0,32.0,27.0,29.0,30.0,31.0,31.0,29.0,31.0,31.0,31.0,28.0,26.0,24.0,23.0
soliton,20.0,22,19.0,19.0,19.0,18.0,16.0,18.0,18.0,19.0,16.0,15.0,15.0,17.0,20.0,20.0,20.0,20.0,22.0,23.0,24.0,24.0,26.0,26.0,24.0,23.0
superalgebras,22.0,21,21.0,21.0,21.0,22.0,22.0,25.0,27.0,21.0,21.0,21.0,23.0,23.0,23.0,28.0,31.0,31.0,31.0,31.0,30.0,31.0,34.0,25.0,24.0,23.0
dirichlet,14.0,14,14.0,14.0,14.0,14.0,14.0,16.0,16.0,16.0,17.0,16.0,15.0,16.0,16.0,23.0,24.0,22.0,24.0,25.0,27.0,26.0,25.0,25.0,23.0,23.0
von,14.0,15,16.0,16.0,20.0,20.0,20.0,20.0,20.0,20.0,20.0,19.0,19.0,20.0,21.0,23.0,24.0,26.0,26.0,26.0,25.0,23.0,23.0,23.0,23.0,23.0
wavefunction,26.0,25,32.0,33.0,34.0,35.0,36.0,34.0,35.0,36.0,36.0,33.0,33.0,34.0,33.0,33.0,31.0,31.0,25.0,23.0,23.0,22.0,21.0,21.0,22.0,23.0
nc,26.0,28,29.0,29.0,29.0,29.0,29.0,29.0,29.0,29.0,34.0,33.0,33.0,33.0,33.0,31.0,25.0,25.0,25.0,18.0,18.0,18.0,15.0,15.0,15.0,23.0
nonsupersymmetric,24.0,25,29.0,30.0,33.0,32.0,35.0,37.0,36.0,33.0,33.0,31.0,31.0,31.0,30.0,30.0,30.0,30.0,30.0,29.0,30.0,29.0,29.0,29.0,29.0,22.0
kleingordon,24.0,23,24.0,22.0,23.0,24.0,24.0,25.0,25.0,24.0,25.0,25.0,25.0,28.0,27.0,27.0,27.0,26.0,26.0,25.0,24.0,25.0,23.0,23.0,23.0,22.0
dc,24.0,27,30.0,30.0,29.0,29.0,29.0,29.0,29.0,28.0,29.0,29.0,30.0,31.0,31.0,28.0,25.0,24.0,23.0,23.0,24.0,24.0,25.0,23.0,22.0,22.0
higherdimensional,24.0,23,20.0,19.0,18.0,19.0,18.0,20.0,22.0,23.0,23.0,23.0,22.0,21.0,22.0,21.0,21.0,23.0,24.0,21.0,22.0,22.0,22.0,22.0,22.0,22.0
abjm,15.0,17,17.0,17.0,22.0,23.0,23.0,23.0,26.0,26.0,25.0,25.0,25.0,24.0,23.0,23.0,23.0,23.0,23.0,23.0,23.0,21.0,22.0,22.0,22.0,22.0
gev,35.0,32,34.0,34.0,33.0,31.0,27.0,30.0,28.0,28.0,25.0,25.0,24.0,22.0,23.0,23.0,19.0,22.0,24.0,24.0,23.0,22.0,21.0,20.0,22.0,22.0
ds,19.0,20,18.0,19.0,15.0,20.0,20.0,20.0,20.0,20.0,20.0,19.0,20.0,17.0,18.0,20.0,20.0,22.0,23.0,22.0,22.0,23.0,21.0,21.0,21.0,22.0
ryutakayanagi,8.0,7,6.0,5.0,10.0,11.0,11.0,12.0,13.0,13.0,13.0,13.0,12.0,13.0,13.0,13.0,13.0,15.0,17.0,21.0,22.0,22.0,21.0,21.0,21.0,22.0
eigenstates,21.0,21,21.0,22.0,19.0,21.0,21.0,24.0,25.0,26.0,26.0,26.0,21.0,22.0,24.0,22.0,24.0,24.0,25.0,27.0,26.0,25.0,24.0,19.0,20.0,22.0
baryogenesis,16.0,16,19.0,21.0,20.0,20.0,20.0,21.0,19.0,19.0,19.0,18.0,16.0,16.0,22.0,21.0,21.0,18.0,18.0,18.0,20.0,20.0,20.0,19.0,20.0,22.0
wigner,21.0,22,26.0,25.0,29.0,29.0,29.0,30.0,28.0,25.0,24.0,24.0,24.0,24.0,24.0,24.0,24.0,26.0,26.0,24.0,24.0,22.0,23.0,23.0,23.0,21.0
gaugegravity,18.0,17,18.0,20.0,20.0,21.0,20.0,20.0,22.0,21.0,21.0,19.0,19.0,19.0,20.0,20.0,21.0,20.0,19.0,19.0,18.0,20.0,23.0,23.0,22.0,21.0
realisation,12.0,14,15.0,15.0,17.0,17.0,18.0,18.0,17.0,19.0,18.0,18.0,17.0,17.0,17.0,17.0,17.0,19.0,18.0,19.0,20.0,19.0,22.0,22.0,22.0,21.0
seibergwitten,16.0,17,17.0,19.0,19.0,19.0,17.0,17.0,17.0,17.0,17.0,16.0,14.0,14.0,14.0,14.0,16.0,15.0,14.0,14.0,14.0,15.0,19.0,22.0,21.0,21.0
bispectrum,11.0,14,15.0,12.0,13.0,14.0,12.0,14.0,15.0,15.0,15.0,15.0,17.0,17.0,16.0,16.0,15.0,14.0,15.0,15.0,15.0,15.0,14.0,14.0,21.0,21.0
teleparallel,20.0,19,19.0,19.0,22.0,21.0,19.0,19.0,18.0,16.0,16.0,16.0,18.0,23.0,23.0,23.0,22.0,20.0,20.0,20.0,22.0,22.0,18.0,18.0,20.0,21.0
equivariant,20.0,20,20.0,20.0,20.0,18.0,19.0,25.0,24.0,24.0,24.0,26.0,25.0,26.0,27.0,26.0,26.0,24.0,26.0,24.0,24.0,25.0,25.0,25.0,25.0,20.0
mathbb,44.0,43,49.0,49.0,48.0,38.0,37.0,38.0,37.0,36.0,36.0,35.0,35.0,31.0,32.0,32.0,30.0,29.0,27.0,27.0,27.0,27.0,23.0,23.0,21.0,20.0
yangbaxter,27.0,27,26.0,26.0,27.0,28.0,24.0,24.0,24.0,24.0,24.0,24.0,23.0,23.0,23.0,23.0,16.0,19.0,21.0,22.0,26.0,23.0,23.0,23.0,21.0,20.0
worldvolume,26.0,24,16.0,18.0,18.0,20.0,20.0,20.0,21.0,21.0,21.0,16.0,16.0,19.0,17.0,17.0,19.0,21.0,20.0,20.0,23.0,22.0,21.0,21.0,21.0,20.0
braneworld,22.0,20,19.0,22.0,22.0,23.0,22.0,21.0,22.0,22.0,19.0,17.0,17.0,18.0,20.0,22.0,23.0,23.0,25.0,21.0,22.0,22.0,24.0,21.0,20.0,20.0
tachyon,22.0,20,20.0,20.0,19.0,19.0,23.0,23.0,21.0,21.0,22.0,19.0,20.0,19.0,17.0,17.0,17.0,18.0,19.0,19.0,19.0,23.0,22.0,20.0,20.0,20.0
hadron,9.0,9,10.0,11.0,13.0,13.0,13.0,12.0,14.0,16.0,17.0,17.0,18.0,21.0,21.0,22.0,23.0,21.0,22.0,22.0,21.0,19.0,19.0,20.0,20.0,20.0
bimetric,18.0,18,15.0,15.0,14.0,14.0,14.0,13.0,15.0,15.0,15.0,16.0,17.0,17.0,16.0,15.0,14.0,13.0,13.0,13.0,13.0,17.0,18.0,22.0,19.0,20.0
superyangmills,15.0,15,18.0,19.0,20.0,20.0,20.0,23.0,22.0,20.0,20.0,19.0,19.0,19.0,21.0,21.0,20.0,20.0,20.0,17.0,17.0,18.0,18.0,20.0,19.0,20.0
finitedimensional,15.0,14,12.0,13.0,13.0,13.0,14.0,15.0,14.0,14.0,15.0,16.0,16.0,19.0,19.0,18.0,18.0,16.0,15.0,17.0,19.0,19.0,19.0,19.0,19.0,20.0
polylogarithms,15.0,14,13.0,12.0,12.0,11.0,11.0,17.0,16.0,15.0,15.0,15.0,15.0,15.0,15.0,16.0,16.0,16.0,13.0,13.0,12.0,17.0,18.0,19.0,19.0,20.0
fock,10.0,12,11.0,11.0,10.0,12.0,12.0,14.0,13.0,13.0,14.0,14.0,17.0,18.0,16.0,14.0,14.0,15.0,16.0,15.0,18.0,18.0,18.0,18.0,17.0,20.0
doubletrace,18.0,19,20.0,20.0,22.0,21.0,21.0,21.0,18.0,23.0,23.0,23.0,22.0,22.0,22.0,22.0,24.0,24.0,19.0,19.0,19.0,16.0,17.0,17.0,17.0,20.0
etc,9.0,11,11.0,11.0,10.0,9.0,12.0,14.0,14.0,13.0,13.0,13.0,12.0,12.0,13.0,13.0,13.0,15.0,16.0,16.0,16.0,16.0,16.0,17.0,17.0,20.0
ghostfree,18.0,18,15.0,17.0,16.0,15.0,15.0,13.0,14.0,14.0,14.0,14.0,14.0,14.0,13.0,11.0,10.0,10.0,10.0,8.0,8.0,11.0,11.0,17.0,16.0,20.0
rindler,20.0,20,17.0,17.0,17.0,21.0,21.0,20.0,20.0,19.0,19.0,17.0,18.0,19.0,18.0,17.0,17.0,17.0,15.0,13.0,10.0,10.0,9.0,10.0,13.0,20.0
isospin,9.0,11,11.0,10.0,10.0,11.0,11.0,11.0,12.0,12.0,12.0,12.0,10.0,10.0,11.0,12.0,12.0,14.0,14.0,18.0,18.0,19.0,22.0,23.0,22.0,19.0
andor,22.0,20,23.0,24.0,24.0,25.0,23.0,24.0,25.0,25.0,25.0,21.0,22.0,23.0,23.0,24.0,24.0,23.0,23.0,23.0,23.0,22.0,22.0,22.0,21.0,19.0
hypermultiplet,11.0,13,13.0,14.0,18.0,15.0,15.0,13.0,18.0,18.0,19.0,19.0,19.0,20.0,20.0,20.0,20.0,19.0,19.0,19.0,19.0,18.0,19.0,20.0,21.0,19.0
higherderivative,35.0,34,35.0,37.0,38.0,35.0,34.0,34.0,40.0,41.0,39.0,39.0,38.0,36.0,33.0,30.0,31.0,31.0,31.0,31.0,31.0,26.0,25.0,25.0,20.0,19.0
chern,16.0,17,16.0,16.0,16.0,17.0,15.0,16.0,19.0,18.0,18.0,17.0,17.0,17.0,17.0,16.0,18.0,19.0,20.0,22.0,21.0,21.0,20.0,20.0,20.0,19.0
frw,8.0,8,11.0,11.0,12.0,17.0,15.0,16.0,16.0,16.0,16.0,15.0,16.0,16.0,17.0,16.0,17.0,17.0,16.0,17.0,18.0,19.0,20.0,20.0,20.0,19.0
cartan,9.0,9,8.0,8.0,9.0,10.0,10.0,11.0,11.0,13.0,12.0,12.0,13.0,14.0,16.0,18.0,18.0,19.0,17.0,17.0,18.0,19.0,19.0,19.0,19.0,19.0
quasiparticle,12.0,14,14.0,13.0,11.0,11.0,12.0,13.0,13.0,13.0,13.0,15.0,19.0,18.0,18.0,18.0,19.0,19.0,17.0,16.0,16.0,16.0,17.0,17.0,19.0,19.0
gravitino,26.0,26,23.0,22.0,24.0,22.0,22.0,23.0,22.0,22.0,20.0,20.0,20.0,20.0,26.0,23.0,23.0,22.0,19.0,18.0,16.0,16.0,16.0,15.0,19.0,19.0
bf,41.0,41,41.0,38.0,41.0,41.0,38.0,38.0,37.0,36.0,35.0,34.0,23.0,24.0,22.0,23.0,22.0,22.0,22.0,22.0,22.0,20.0,19.0,19.0,17.0,19.0
polyakov,14.0,14,13.0,15.0,16.0,15.0,15.0,18.0,19.0,19.0,19.0,19.0,20.0,19.0,19.0,18.0,18.0,20.0,20.0,18.0,20.0,20.0,19.0,21.0,21.0,18.0
worldline,14.0,15,15.0,17.0,16.0,18.0,21.0,24.0,24.0,24.0,24.0,23.0,21.0,21.0,22.0,23.0,23.0,22.0,23.0,21.0,23.0,23.0,23.0,21.0,20.0,18.0
pion,23.0,26,22.0,24.0,23.0,24.0,22.0,22.0,22.0,24.0,24.0,22.0,23.0,23.0,23.0,23.0,24.0,24.0,23.0,21.0,21.0,22.0,21.0,21.0,20.0,18.0
tensortoscalar,24.0,22,20.0,22.0,22.0,21.0,22.0,21.0,20.0,20.0,19.0,17.0,17.0,17.0,19.0,20.0,20.0,22.0,22.0,22.0,22.0,21.0,20.0,20.0,20.0,18.0
byproduct,25.0,25,21.0,20.0,23.0,22.0,22.0,21.0,19.0,17.0,18.0,18.0,18.0,20.0,18.0,17.0,17.0,15.0,16.0,19.0,20.0,19.0,19.0,19.0,18.0,18.0
dft,11.0,14,14.0,12.0,12.0,12.0,12.0,13.0,10.0,10.0,10.0,10.0,10.0,10.0,10.0,10.0,18.0,18.0,18.0,18.0,20.0,22.0,18.0,18.0,18.0,18.0
timereversal,18.0,20,19.0,20.0,20.0,23.0,23.0,26.0,23.0,23.0,21.0,20.0,20.0,20.0,21.0,21.0,23.0,23.0,22.0,21.0,18.0,19.0,18.0,18.0,18.0,18.0
bms,23.0,25,19.0,19.0,18.0,18.0,19.0,18.0,18.0,16.0,16.0,16.0,17.0,18.0,18.0,15.0,16.0,15.0,19.0,19.0,18.0,18.0,18.0,18.0,18.0,18.0
cauchy,15.0,15,15.0,13.0,10.0,10.0,11.0,11.0,9.0,13.0,14.0,14.0,16.0,18.0,17.0,18.0,18.0,19.0,19.0,18.0,18.0,18.0,18.0,18.0,18.0,18.0
thematrix,7.0,9,10.0,16.0,17.0,17.0,16.0,16.0,17.0,18.0,18.0,18.0,19.0,19.0,19.0,19.0,19.0,19.0,19.0,17.0,17.0,16.0,16.0,18.0,18.0,18.0
righthanded,14.0,15,14.0,13.0,15.0,17.0,16.0,16.0,15.0,14.0,15.0,14.0,15.0,16.0,17.0,17.0,17.0,16.0,16.0,16.0,18.0,17.0,18.0,17.0,18.0,18.0
bogoliubov,11.0,13,14.0,13.0,13.0,13.0,14.0,16.0,15.0,15.0,15.0,13.0,21.0,18.0,17.0,17.0,18.0,18.0,18.0,16.0,16.0,16.0,16.0,17.0,18.0,18.0
bekensteinhawking,21.0,21,19.0,19.0,21.0,20.0,20.0,21.0,22.0,23.0,19.0,17.0,18.0,19.0,20.0,20.0,20.0,20.0,22.0,21.0,19.0,18.0,16.0,16.0,18.0,18.0
superradiant,15.0,16,15.0,15.0,15.0,18.0,17.0,17.0,17.0,17.0,17.0,18.0,18.0,21.0,22.0,22.0,23.0,22.0,21.0,21.0,20.0,20.0,20.0,20.0,17.0,18.0
sqrt,11.0,9,11.0,12.0,11.0,10.0,11.0,11.0,11.0,15.0,15.0,14.0,16.0,17.0,17.0,17.0,17.0,17.0,16.0,17.0,19.0,19.0,19.0,20.0,17.0,18.0
superluminal,4.0,3,3.0,5.0,5.0,5.0,5.0,3.0,9.0,10.0,10.0,10.0,11.0,11.0,17.0,17.0,17.0,17.0,17.0,16.0,16.0,16.0,17.0,17.0,17.0,18.0
wavelength,18.0,20,19.0,19.0,20.0,22.0,21.0,20.0,21.0,22.0,21.0,20.0,21.0,17.0,15.0,15.0,14.0,15.0,15.0,15.0,14.0,15.0,16.0,16.0,17.0,18.0
baryonic,13.0,14,14.0,14.0,15.0,15.0,15.0,13.0,18.0,13.0,13.0,13.0,13.0,14.0,14.0,14.0,14.0,14.0,13.0,15.0,15.0,15.0,15.0,15.0,17.0,18.0
bosonization,10.0,9,10.0,10.0,10.0,10.0,11.0,13.0,14.0,14.0,14.0,10.0,10.0,10.0,10.0,10.0,10.0,11.0,12.0,12.0,13.0,13.0,14.0,15.0,17.0,18.0
onepoint,9.0,7,9.0,8.0,8.0,8.0,7.0,7.0,7.0,7.0,7.0,7.0,7.0,8.0,8.0,9.0,9.0,14.0,14.0,15.0,17.0,16.0,16.0,16.0,16.0,18.0
yangian,7.0,10,10.0,13.0,13.0,13.0,18.0,18.0,18.0,18.0,16.0,16.0,16.0,14.0,14.0,14.0,14.0,14.0,14.0,16.0,16.0,16.0,16.0,16.0,16.0,18.0
gribov,10.0,10,10.0,12.0,12.0,11.0,9.0,9.0,12.0,12.0,11.0,11.0,11.0,11.0,11.0,13.0,13.0,11.0,11.0,11.0,11.0,14.0,14.0,15.0,15.0,18.0
pbh,25.0,25,20.0,18.0,23.0,27.0,27.0,27.0,26.0,26.0,18.0,18.0,18.0,18.0,16.0,16.0,16.0,16.0,15.0,15.0,16.0,16.0,16.0,13.0,13.0,18.0
borninfeld,35.0,35,34.0,34.0,34.0,34.0,36.0,36.0,36.0,30.0,27.0,28.0,24.0,24.0,25.0,24.0,25.0,20.0,21.0,22.0,26.0,24.0,23.0,23.0,23.0,17.0
sl,24.0,24,25.0,22.0,22.0,23.0,26.0,28.0,28.0,28.0,31.0,31.0,31.0,29.0,28.0,27.0,27.0,26.0,26.0,26.0,26.0,25.0,24.0,22.0,21.0,17.0
bao,10.0,9,9.0,9.0,9.0,9.0,9.0,13.0,16.0,13.0,14.0,13.0,14.0,11.0,11.0,14.0,14.0,14.0,15.0,15.0,15.0,15.0,15.0,18.0,18.0,17.0
characterised,9.0,11,11.0,14.0,14.0,14.0,14.0,14.0,15.0,13.0,13.0,13.0,14.0,14.0,14.0,15.0,17.0,17.0,16.0,16.0,16.0,16.0,17.0,18.0,17.0,17.0
wkb,11.0,12,12.0,11.0,11.0,13.0,13.0,13.0,13.0,13.0,13.0,13.0,12.0,12.0,13.0,14.0,14.0,13.0,13.0,14.0,18.0,19.0,19.0,17.0,17.0,17.0
dbi,10.0,10,9.0,8.0,6.0,9.0,9.0,10.0,12.0,12.0,12.0,11.0,10.0,10.0,10.0,14.0,14.0,18.0,18.0,20.0,21.0,21.0,17.0,17.0,17.0,17.0
hopf,12.0,16,16.0,16.0,15.0,17.0,17.0,18.0,18.0,18.0,19.0,17.0,18.0,20.0,20.0,21.0,19.0,19.0,18.0,18.0,18.0,16.0,17.0,17.0,17.0,17.0
thecdm,7.0,8,8.0,8.0,12.0,12.0,13.0,12.0,13.0,13.0,13.0,13.0,13.0,15.0,15.0,16.0,16.0,16.0,17.0,17.0,16.0,16.0,17.0,17.0,17.0,17.0
selfinteracting,10.0,10,11.0,12.0,13.0,13.0,13.0,13.0,13.0,11.0,10.0,10.0,10.0,10.0,8.0,8.0,8.0,10.0,11.0,12.0,13.0,13.0,14.0,16.0,17.0,17.0
nongaussian,10.0,11,11.0,11.0,11.0,11.0,10.0,11.0,11.0,10.0,10.0,9.0,10.0,11.0,10.0,10.0,10.0,10.0,11.0,12.0,12.0,17.0,16.0,15.0,17.0,17.0
isocurvature,10.0,10,8.0,9.0,9.0,9.0,8.0,5.0,5.0,5.0,5.0,4.0,4.0,5.0,5.0,7.0,7.0,8.0,8.0,8.0,8.0,10.0,10.0,10.0,17.0,17.0
reissnernordstrom,11.0,11,11.0,11.0,10.0,10.0,10.0,10.0,10.0,10.0,10.0,10.0,11.0,11.0,15.0,15.0,15.0,16.0,16.0,17.0,16.0,15.0,16.0,17.0,16.0,17.0
nsns,6.0,6,6.0,4.0,6.0,7.0,7.0,7.0,7.0,7.0,7.0,7.0,7.0,7.0,7.0,8.0,8.0,8.0,11.0,13.0,14.0,14.0,17.0,17.0,15.0,17.0
bessel,4.0,4,5.0,5.0,5.0,3.0,3.0,7.0,6.0,6.0,7.0,10.0,11.0,11.0,12.0,14.0,14.0,14.0,14.0,14.0,14.0,14.0,14.0,14.0,14.0,17.0
supersymmetries,22.0,23,25.0,28.0,24.0,22.0,23.0,29.0,29.0,29.0,28.0,25.0,25.0,25.0,24.0,24.0,24.0,23.0,22.0,21.0,22.0,22.0,22.0,19.0,17.0,16.0
noninteracting,7.0,7,7.0,7.0,7.0,7.0,8.0,10.0,11.0,10.0,11.0,10.0,9.0,10.0,11.0,12.0,14.0,14.0,16.0,16.0,16.0,17.0,17.0,17.0,17.0,16.0
otoc,13.0,13,13.0,3.0,3.0,3.0,3.0,3.0,2.0,2.0,2.0,2.0,2.0,6.0,6.0,8.0,8.0,8.0,8.0,9.0,13.0,15.0,15.0,15.0,17.0,16.0
dbranes,23.0,23,19.0,21.0,19.0,18.0,18.0,16.0,19.0,19.0,19.0,18.0,19.0,19.0,18.0,19.0,22.0,23.0,20.0,20.0,21.0,19.0,19.0,22.0,16.0,16.0
wald,9.0,10,9.0,9.0,9.0,9.0,9.0,11.0,12.0,12.0,12.0,12.0,15.0,15.0,16.0,15.0,15.0,15.0,18.0,16.0,17.0,18.0,17.0,17.0,16.0,16.0
sachdevyekitaev,21.0,18,19.0,20.0,19.0,18.0,19.0,17.0,18.0,18.0,18.0,20.0,20.0,19.0,19.0,19.0,20.0,19.0,19.0,19.0,17.0,16.0,16.0,16.0,16.0,16.0
ringdown,10.0,9,9.0,10.0,10.0,10.0,10.0,11.0,11.0,11.0,12.0,12.0,12.0,12.0,14.0,14.0,15.0,15.0,16.0,16.0,15.0,16.0,16.0,16.0,16.0,16.0
fracton,7.0,7,7.0,4.0,4.0,4.0,4.0,8.0,8.0,8.0,6.0,6.0,6.0,6.0,6.0,4.0,4.0,7.0,7.0,7.0,7.0,16.0,16.0,16.0,16.0,16.0
homotopy,3.0,3,3.0,3.0,11.0,13.0,13.0,13.0,14.0,14.0,16.0,15.0,16.0,16.0,16.0,14.0,15.0,15.0,15.0,15.0,15.0,15.0,16.0,16.0,16.0,16.0
nonhermitian,7.0,7,7.0,7.0,7.0,7.0,7.0,16.0,16.0,17.0,17.0,17.0,15.0,16.0,16.0,16.0,16.0,16.0,16.0,17.0,17.0,17.0,16.0,15.0,16.0,16.0
skyrmion,6.0,6,6.0,7.0,5.0,5.0,8.0,9.0,9.0,9.0,9.0,9.0,9.0,9.0,10.0,13.0,14.0,14.0,14.0,17.0,18.0,15.0,15.0,15.0,16.0,16.0
wheelerdewitt,8.0,8,8.0,6.0,7.0,8.0,8.0,8.0,9.0,9.0,9.0,9.0,9.0,11.0,11.0,11.0,12.0,12.0,14.0,14.0,14.0,14.0,15.0,15.0,16.0,16.0
lorentzviolating,11.0,11,11.0,8.0,7.0,10.0,10.0,8.0,9.0,9.0,10.0,10.0,9.0,10.0,11.0,11.0,12.0,13.0,14.0,14.0,14.0,14.0,15.0,15.0,15.0,16.0
codimension,10.0,10,9.0,9.0,9.0,10.0,8.0,9.0,10.0,10.0,10.0,11.0,12.0,12.0,12.0,12.0,11.0,11.0,11.0,16.0,16.0,13.0,14.0,14.0,15.0,16.0
kacmoody,16.0,15,15.0,17.0,18.0,19.0,18.0,19.0,18.0,12.0,12.0,15.0,15.0,15.0,15.0,16.0,13.0,14.0,13.0,13.0,13.0,12.0,13.0,13.0,14.0,16.0
racah,1.0,1,2.0,3.0,5.0,5.0,7.0,9.0,9.0,9.0,9.0,9.0,9.0,14.0,14.0,14.0,14.0,14.0,14.0,14.0,14.0,13.0,13.0,13.0,13.0,16.0
threeloop,9.0,8,7.0,7.0,7.0,7.0,9.0,10.0,9.0,9.0,10.0,10.0,8.0,8.0,9.0,9.0,10.0,10.0,10.0,12.0,12.0,12.0,13.0,11.0,11.0,16.0
wavefunctions,14.0,14,16.0,16.0,15.0,17.0,15.0,15.0,16.0,18.0,19.0,17.0,16.0,18.0,19.0,18.0,16.0,16.0,18.0,17.0,17.0,16.0,16.0,16.0,16.0,15.0
algebroid,7.0,8,8.0,5.0,5.0,5.0,5.0,6.0,6.0,6.0,6.0,6.0,6.0,6.0,6.0,6.0,11.0,16.0,17.0,16.0,16.0,15.0,15.0,15.0,16.0,15.0
dbrane,25.0,26,25.0,28.0,26.0,26.0,26.0,26.0,28.0,28.0,28.0,25.0,24.0,24.0,23.0,23.0,22.0,21.0,21.0,21.0,19.0,19.0,21.0,19.0,15.0,15.0
tev,21.0,21,22.0,22.0,22.0,23.0,23.0,23.0,23.0,22.0,21.0,19.0,19.0,19.0,19.0,20.0,20.0,21.0,21.0,19.0,20.0,19.0,17.0,15.0,15.0,15.0
cs,13.0,14,16.0,16.0,16.0,16.0,16.0,16.0,13.0,13.0,13.0,13.0,13.0,10.0,12.0,13.0,18.0,18.0,18.0,18.0,19.0,19.0,17.0,15.0,15.0,15.0
baryons,14.0,14,16.0,16.0,13.0,13.0,12.0,15.0,15.0,15.0,15.0,10.0,12.0,12.0,12.0,12.0,13.0,12.0,11.0,16.0,16.0,16.0,16.0,15.0,15.0,15.0
lhc,19.0,20,19.0,18.0,18.0,18.0,18.0,19.0,19.0,17.0,15.0,15.0,13.0,15.0,16.0,17.0,18.0,18.0,17.0,17.0,16.0,16.0,15.0,15.0,15.0,15.0
hyperscaling,15.0,14,15.0,15.0,20.0,21.0,21.0,21.0,24.0,23.0,24.0,24.0,21.0,19.0,19.0,15.0,16.0,16.0,16.0,16.0,16.0,16.0,15.0,15.0,15.0,15.0
textit,9.0,9,11.0,11.0,11.0,10.0,10.0,17.0,16.0,15.0,15.0,15.0,15.0,20.0,20.0,19.0,19.0,18.0,17.0,15.0,15.0,15.0,15.0,15.0,15.0,15.0
snyder,1.0,4,4.0,7.0,13.0,13.0,13.0,13.0,13.0,13.0,13.0,13.0,13.0,13.0,13.0,13.0,13.0,13.0,16.0,15.0,15.0,15.0,15.0,15.0,15.0,15.0
mordellweil,1.0,1,1.0,1.0,1.0,3.0,3.0,4.0,4.0,4.0,4.0,4.0,5.0,6.0,6.0,13.0,13.0,15.0,15.0,15.0,15.0,15.0,15.0,15.0,15.0,15.0
boltzmann,20.0,20,19.0,18.0,18.0,20.0,17.0,19.0,19.0,20.0,19.0,18.0,18.0,15.0,15.0,14.0,15.0,14.0,12.0,12.0,12.0,12.0,12.0,15.0,15.0,15.0
rsymmetry,18.0,18,20.0,20.0,19.0,16.0,12.0,13.0,13.0,13.0,13.0,13.0,13.0,13.0,13.0,13.0,13.0,12.0,12.0,14.0,14.0,15.0,16.0,15.0,14.0,15.0
renormalizability,13.0,15,16.0,14.0,15.0,15.0,16.0,17.0,17.0,17.0,17.0,16.0,17.0,16.0,15.0,15.0,15.0,15.0,15.0,14.0,14.0,12.0,12.0,13.0,14.0,15.0
redshift,30.0,29,29.0,30.0,31.0,30.0,30.0,32.0,32.0,31.0,31.0,28.0,27.0,22.0,23.0,23.0,24.0,24.0,23.0,22.0,15.0,13.0,13.0,17.0,15.0,14.0
aforementioned,16.0,16,17.0,17.0,16.0,17.0,17.0,16.0,16.0,16.0,16.0,14.0,11.0,11.0,11.0,11.0,11.0,12.0,13.0,13.0,13.0,13.0,15.0,15.0,15.0,14.0
proca,14.0,13,12.0,11.0,11.0,11.0,9.0,7.0,7.0,10.0,12.0,12.0,11.0,12.0,11.0,11.0,12.0,12.0,12.0,14.0,14.0,16.0,16.0,16.0,14.0,14.0
disformal,8.0,8,8.0,8.0,8.0,8.0,8.0,8.0,16.0,16.0,16.0,16.0,20.0,20.0,20.0,20.0,17.0,17.0,15.0,16.0,16.0,15.0,15.0,15.0,14.0,14.0
flrw,10.0,10,10.0,10.0,13.0,14.0,14.0,17.0,17.0,18.0,18.0,15.0,16.0,16.0,16.0,15.0,14.0,14.0,14.0,15.0,15.0,15.0,15.0,15.0,14.0,14.0
vev,12.0,12,11.0,11.0,11.0,11.0,12.0,12.0,15.0,15.0,18.0,17.0,13.0,11.0,11.0,12.0,12.0,12.0,12.0,12.0,13.0,12.0,15.0,15.0,14.0,14.0
ddimensional,6.0,6,7.0,7.0,8.0,10.0,13.0,12.0,11.0,11.0,13.0,13.0,13.0,13.0,13.0,14.0,14.0,14.0,14.0,15.0,16.0,16.0,16.0,14.0,14.0,14.0
chromodynamics,12.0,13,13.0,13.0,10.0,11.0,9.0,10.0,10.0,11.0,11.0,12.0,12.0,15.0,14.0,13.0,13.0,12.0,13.0,13.0,14.0,14.0,15.0,14.0,14.0,14.0
pathintegral,5.0,5,5.0,5.0,4.0,5.0,5.0,6.0,6.0,6.0,6.0,7.0,8.0,10.0,10.0,10.0,10.0,10.0,11.0,11.0,11.0,11.0,15.0,14.0,14.0,14.0
rt,6.0,6,6.0,6.0,8.0,8.0,8.0,8.0,9.0,9.0,9.0,9.0,11.0,11.0,11.0,11.0,11.0,11.0,15.0,16.0,17.0,15.0,14.0,14.0,14.0,14.0
ng,10.0,10,10.0,8.0,9.0,7.0,7.0,7.0,4.0,4.0,4.0,4.0,4.0,8.0,7.0,7.0,8.0,8.0,6.0,11.0,14.0,14.0,14.0,14.0,14.0,14.0
ev,18.0,17,18.0,18.0,18.0,18.0,17.0,12.0,12.0,10.0,10.0,10.0,10.0,13.0,12.0,17.0,17.0,17.0,17.0,15.0,13.0,13.0,13.0,13.0,14.0,14.0
generalisation,9.0,7,10.0,12.0,11.0,11.0,13.0,13.0,14.0,14.0,14.0,15.0,15.0,15.0,13.0,13.0,13.0,13.0,13.0,14.0,14.0,14.0,12.0,12.0,14.0,14.0
lesssim,2.0,3,3.0,3.0,3.0,4.0,4.0,4.0,4.0,4.0,4.0,10.0,10.0,12.0,11.0,11.0,12.0,12.0,12.0,12.0,12.0,12.0,12.0,12.0,14.0,14.0
friedmann,15.0,16,16.0,15.0,15.0,13.0,11.0,9.0,11.0,11.0,12.0,11.0,13.0,13.0,14.0,14.0,13.0,14.0,14.0,14.0,13.0,13.0,13.0,14.0,13.0,14.0
selfconsistent,13.0,13,10.0,10.0,10.0,11.0,11.0,12.0,13.0,13.0,11.0,10.0,10.0,11.0,10.0,10.0,9.0,9.0,10.0,12.0,13.0,13.0,12.0,13.0,13.0,14.0
nohair,5.0,6,6.0,8.0,8.0,8.0,8.0,8.0,8.0,7.0,10.0,10.0,10.0,11.0,12.0,12.0,12.0,12.0,10.0,10.0,10.0,10.0,12.0,13.0,13.0,14.0
singlefield,10.0,11,9.0,9.0,9.0,9.0,8.0,9.0,9.0,9.0,10.0,10.0,10.0,11.0,11.0,11.0,10.0,11.0,11.0,9.0,9.0,11.0,12.0,12.0,13.0,14.0
supermultiplet,9.0,10,11.0,11.0,12.0,11.0,12.0,12.0,12.0,11.0,11.0,12.0,11.0,11.0,12.0,12.0,14.0,13.0,13.0,13.0,13.0,13.0,12.0,12.0,12.0,14.0
quantisation,8.0,8,8.0,9.0,9.0,9.0,11.0,11.0,13.0,13.0,13.0,13.0,10.0,10.0,10.0,11.0,11.0,11.0,12.0,10.0,10.0,9.0,10.0,10.0,11.0,14.0
selfforce,5.0,5,5.0,5.0,5.0,7.0,7.0,7.0,7.0,7.0,7.0,4.0,4.0,4.0,4.0,9.0,7.0,7.0,7.0,7.0,8.0,8.0,8.0,9.0,10.0,14.0
stressenergy,31.0,32,32.0,32.0,32.0,31.0,31.0,32.0,32.0,30.0,30.0,28.0,28.0,32.0,29.0,30.0,28.0,29.0,28.0,25.0,25.0,25.0,23.0,24.0,18.0,13.0
gibbs,11.0,11,12.0,12.0,11.0,12.0,14.0,14.0,14.0,14.0,12.0,13.0,13.0,18.0,18.0,17.0,18.0,18.0,17.0,14.0,14.0,14.0,13.0,15.0,15.0,13.0
halfbps,6.0,8,9.0,9.0,10.0,10.0,10.0,13.0,15.0,15.0,15.0,15.0,14.0,13.0,13.0,13.0,14.0,14.0,14.0,13.0,13.0,14.0,15.0,15.0,14.0,13.0
mathbf,4.0,4,7.0,7.0,7.0,7.0,7.0,7.0,7.0,7.0,7.0,7.0,7.0,5.0,5.0,5.0,5.0,5.0,5.0,5.0,5.0,5.0,15.0,15.0,13.0,13.0
greenschwarz,10.0,10,9.0,9.0,9.0,9.0,13.0,12.0,12.0,12.0,13.0,13.0,13.0,13.0,13.0,16.0,16.0,16.0,16.0,17.0,18.0,17.0,15.0,14.0,13.0,13.0
qgp,3.0,3,3.0,3.0,3.0,3.0,4.0,4.0,7.0,7.0,7.0,7.0,7.0,7.0,7.0,10.0,10.0,10.0,12.0,11.0,11.0,14.0,15.0,13.0,13.0,13.0
tendimensional,8.0,10,10.0,10.0,11.0,10.0,10.0,12.0,12.0,12.0,12.0,12.0,12.0,12.0,13.0,13.0,13.0,12.0,12.0,13.0,14.0,15.0,13.0,13.0,13.0,13.0
holonomy,14.0,12,12.0,13.0,13.0,13.0,13.0,14.0,12.0,12.0,11.0,12.0,12.0,11.0,11.0,11.0,10.0,14.0,15.0,14.0,14.0,13.0,13.0,13.0,13.0,13.0
dm,25.0,22,22.0,22.0,22.0,22.0,22.0,22.0,17.0,17.0,17.0,17.0,17.0,10.0,14.0,13.0,13.0,21.0,20.0,13.0,13.0,13.0,13.0,13.0,13.0,13.0
tcis,0.0,9,9.0,9.0,13.0,13.0,13.0,13.0,13.0,13.0,13.0,13.0,13.0,13.0,13.0,13.0,13.0,13.0,13.0,13.0,13.0,13.0,13.0,13.0,13.0,13.0
schur,11.0,11,11.0,13.0,13.0,11.0,10.0,10.0,11.0,11.0,11.0,11.0,10.0,11.0,12.0,11.0,10.0,11.0,11.0,12.0,13.0,13.0,13.0,13.0,13.0,13.0
pt,6.0,6,5.0,5.0,5.0,5.0,7.0,7.0,6.0,6.0,5.0,8.0,9.0,9.0,9.0,9.0,9.0,9.0,9.0,9.0,9.0,13.0,13.0,13.0,13.0,13.0
adimensional,15.0,15,14.0,14.0,14.0,14.0,14.0,14.0,16.0,14.0,14.0,13.0,13.0,13.0,13.0,13.0,13.0,11.0,11.0,12.0,13.0,12.0,13.0,13.0,13.0,13.0
hodge,8.0,9,8.0,8.0,8.0,11.0,14.0,14.0,15.0,15.0,16.0,14.0,14.0,14.0,13.0,14.0,12.0,12.0,12.0,12.0,12.0,12.0,13.0,13.0,13.0,13.0
bjorken,6.0,8,10.0,10.0,10.0,11.0,11.0,11.0,13.0,13.0,13.0,14.0,12.0,12.0,11.0,10.0,11.0,10.0,10.0,10.0,10.0,10.0,10.0,12.0,13.0,13.0
wzw,5.0,5,5.0,5.0,5.0,6.0,6.0,4.0,7.0,7.0,6.0,7.0,8.0,8.0,8.0,8.0,7.0,9.0,10.0,10.0,11.0,11.0,11.0,11.0,13.0,13.0
painleve,7.0,10,10.0,10.0,10.0,10.0,10.0,11.0,12.0,12.0,11.0,11.0,11.0,11.0,11.0,11.0,11.0,11.0,11.0,11.0,12.0,12.0,13.0,13.0,12.0,13.0
deconfinement,22.0,21,20.0,20.0,19.0,16.0,16.0,15.0,15.0,15.0,14.0,13.0,12.0,12.0,13.0,12.0,10.0,10.0,10.0,9.0,9.0,9.0,12.0,13.0,12.0,13.0
maldacena,4.0,8,8.0,8.0,8.0,8.0,9.0,9.0,8.0,8.0,7.0,7.0,7.0,8.0,9.0,9.0,9.0,10.0,11.0,11.0,11.0,12.0,12.0,12.0,12.0,13.0
cpt,14.0,14,15.0,15.0,15.0,15.0,15.0,14.0,13.0,13.0,13.0,13.0,13.0,13.0,13.0,13.0,13.0,9.0,9.0,4.0,9.0,12.0,12.0,12.0,12.0,13.0
wilsonfisher,9.0,10,8.0,9.0,10.0,12.0,11.0,11.0,11.0,9.0,10.0,10.0,10.0,9.0,9.0,8.0,10.0,10.0,10.0,10.0,10.0,11.0,11.0,11.0,12.0,13.0
offdiagonal,3.0,4,4.0,5.0,5.0,6.0,6.0,7.0,6.0,6.0,6.0,5.0,5.0,5.0,5.0,7.0,7.0,8.0,9.0,9.0,9.0,9.0,9.0,9.0,12.0,13.0
selfinteraction,13.0,13,11.0,12.0,12.0,11.0,11.0,11.0,11.0,13.0,14.0,14.0,13.0,13.0,13.0,12.0,14.0,13.0,13.0,13.0,14.0,12.0,11.0,12.0,11.0,13.0
selfenergy,9.0,9,9.0,7.0,8.0,8.0,8.0,7.0,7.0,7.0,6.0,6.0,7.0,6.0,7.0,6.0,5.0,12.0,12.0,12.0,13.0,13.0,12.0,11.0,11.0,13.0
jt,3.0,3,3.0,3.0,3.0,3.0,3.0,2.0,2.0,2.0,2.0,2.0,2.0,2.0,3.0,3.0,8.0,10.0,10.0,10.0,10.0,10.0,11.0,11.0,11.0,13.0
orbifolds,27.0,22,21.0,19.0,18.0,18.0,19.0,17.0,17.0,16.0,17.0,17.0,17.0,15.0,15.0,13.0,13.0,14.0,14.0,14.0,13.0,14.0,14.0,16.0,16.0,12.0
stronger,18.0,17,18.0,16.0,16.0,17.0,19.0,18.0,18.0,17.0,16.0,16.0,14.0,14.0,16.0,17.0,17.0,15.0,15.0,15.0,14.0,14.0,15.0,15.0,14.0,12.0
tensorial,6.0,6,6.0,8.0,9.0,9.0,10.0,10.0,10.0,10.0,10.0,12.0,12.0,12.0,12.0,10.0,10.0,10.0,12.0,13.0,12.0,13.0,14.0,14.0,14.0,12.0
elevendimensional,13.0,12,12.0,10.0,12.0,13.0,12.0,14.0,14.0,14.0,14.0,13.0,13.0,13.0,13.0,13.0,14.0,18.0,18.0,18.0,18.0,18.0,16.0,15.0,13.0,12.0
sigmamodel,10.0,9,9.0,9.0,10.0,9.0,9.0,9.0,5.0,5.0,5.0,8.0,7.0,8.0,8.0,9.0,13.0,13.0,13.0,13.0,14.0,14.0,14.0,12.0,13.0,12.0
nambu,3.0,3,3.0,3.0,2.0,2.0,2.0,3.0,3.0,4.0,4.0,4.0,6.0,6.0,6.0,8.0,8.0,10.0,10.0,10.0,11.0,11.0,12.0,12.0,13.0,12.0
einsteinmaxwell,12.0,11,11.0,11.0,11.0,13.0,13.0,12.0,13.0,12.0,13.0,12.0,14.0,14.0,15.0,15.0,15.0,14.0,13.0,13.0,13.0,13.0,13.0,14.0,12.0,12.0
skyrmions,16.0,16,16.0,19.0,17.0,17.0,18.0,20.0,20.0,20.0,18.0,16.0,12.0,12.0,12.0,13.0,14.0,14.0,14.0,16.0,15.0,16.0,15.0,13.0,12.0,12.0
supermultiplets,17.0,17,15.0,15.0,18.0,19.0,19.0,19.0,17.0,16.0,17.0,16.0,16.0,16.0,16.0,15.0,14.0,14.0,12.0,12.0,12.0,12.0,13.0,13.0,12.0,12.0
argyresdouglas,17.0,17,17.0,21.0,21.0,19.0,17.0,17.0,17.0,17.0,16.0,11.0,12.0,12.0,12.0,11.0,11.0,11.0,13.0,13.0,12.0,12.0,12.0,13.0,12.0,12.0
ligovirgo,1.0,1,1.0,1.0,2.0,2.0,2.0,2.0,2.0,2.0,4.0,4.0,4.0,5.0,6.0,6.0,8.0,8.0,11.0,12.0,12.0,12.0,12.0,13.0,12.0,12.0
oscillons,6.0,9,9.0,9.0,12.0,15.0,15.0,15.0,13.0,13.0,13.0,14.0,14.0,14.0,14.0,14.0,14.0,12.0,12.0,12.0,14.0,14.0,14.0,12.0,12.0,12.0
quarkgluon,19.0,21,22.0,23.0,20.0,16.0,16.0,14.0,14.0,13.0,13.0,12.0,11.0,11.0,10.0,11.0,10.0,11.0,12.0,12.0,12.0,13.0,13.0,12.0,12.0,12.0
noscale,2.0,2,2.0,7.0,8.0,8.0,8.0,10.0,10.0,9.0,9.0,9.0,9.0,9.0,9.0,11.0,11.0,11.0,11.0,11.0,11.0,11.0,13.0,12.0,12.0,12.0
nonlinearly,12.0,13,12.0,12.0,12.0,14.0,17.0,19.0,17.0,17.0,17.0,15.0,14.0,14.0,14.0,13.0,13.0,14.0,14.0,15.0,16.0,15.0,12.0,12.0,12.0,12.0
largest,7.0,7,7.0,7.0,8.0,8.0,8.0,8.0,7.0,8.0,8.0,8.0,7.0,7.0,7.0,8.0,8.0,7.0,7.0,8.0,11.0,13.0,12.0,12.0,12.0,12.0
newtoncartan,8.0,6,6.0,6.0,6.0,6.0,9.0,10.0,10.0,10.0,9.0,10.0,12.0,14.0,14.0,11.0,11.0,11.0,11.0,11.0,13.0,12.0,12.0,12.0,12.0,12.0
donaldsonthomas,2.0,4,4.0,3.0,3.0,6.0,6.0,8.0,8.0,8.0,10.0,10.0,10.0,10.0,10.0,12.0,12.0,12.0,12.0,12.0,12.0,12.0,12.0,12.0,12.0,12.0
decoupled,7.0,7,7.0,7.0,6.0,7.0,11.0,12.0,12.0,12.0,12.0,11.0,10.0,10.0,10.0,10.0,10.0,11.0,12.0,11.0,12.0,12.0,12.0,12.0,12.0,12.0
carrollian,1.0,1,1.0,1.0,1.0,0.0,0.0,0.0,0.0,0.0,0.0,0.0,0.0,0.0,0.0,3.0,10.0,10.0,10.0,10.0,10.0,12.0,12.0,12.0,12.0,12.0
sinegordon,12.0,12,11.0,11.0,9.0,9.0,10.0,10.0,10.0,11.0,6.0,6.0,5.0,5.0,5.0,5.0,7.0,7.0,8.0,8.0,9.0,9.0,11.0,12.0,12.0,12.0
bekenstein,7.0,7,6.0,4.0,4.0,6.0,6.0,7.0,8.0,7.0,7.0,7.0,9.0,9.0,9.0,9.0,10.0,10.0,10.0,11.0,11.0,11.0,11.0,11.0,12.0,12.0
wgc,7.0,7,7.0,7.0,7.0,16.0,16.0,16.0,16.0,16.0,16.0,16.0,16.0,16.0,16.0,16.0,16.0,16.0,9.0,9.0,11.0,11.0,11.0,11.0,12.0,12.0
nonperturbatively,13.0,15,15.0,14.0,14.0,14.0,15.0,13.0,12.0,12.0,13.0,13.0,13.0,13.0,13.0,13.0,13.0,12.0,12.0,12.0,9.0,9.0,10.0,11.0,12.0,12.0
schwingerkeldysh,5.0,5,5.0,5.0,3.0,3.0,7.0,7.0,6.0,6.0,6.0,6.0,6.0,5.0,5.0,5.0,5.0,5.0,5.0,5.0,7.0,9.0,9.0,11.0,12.0,12.0
quasiparticles,20.0,20,20.0,20.0,18.0,18.0,17.0,18.0,15.0,16.0,15.0,14.0,13.0,14.0,15.0,13.0,12.0,12.0,11.0,11.0,11.0,11.0,14.0,14.0,11.0,12.0
wavelengths,5.0,6,7.0,7.0,8.0,8.0,7.0,7.0,7.0,7.0,7.0,11.0,11.0,11.0,11.0,13.0,13.0,13.0,13.0,13.0,13.0,13.0,12.0,12.0,11.0,12.0
ramond,5.0,5,5.0,5.0,5.0,3.0,4.0,9.0,9.0,9.0,9.0,9.0,10.0,10.0,10.0,10.0,11.0,11.0,11.0,11.0,10.0,10.0,12.0,12.0,11.0,12.0
outoftimeorder,4.0,4,4.0,4.0,4.0,4.0,6.0,6.0,6.0,6.0,6.0,6.0,6.0,6.0,6.0,6.0,9.0,8.0,8.0,9.0,9.0,12.0,12.0,11.0,11.0,12.0
biadjoint,11.0,10,10.0,10.0,10.0,10.0,10.0,11.0,9.0,9.0,9.0,9.0,9.0,8.0,12.0,11.0,11.0,11.0,11.0,12.0,11.0,11.0,11.0,11.0,11.0,12.0
gases,4.0,4,5.0,4.0,5.0,5.0,5.0,9.0,9.0,9.0,9.0,10.0,10.0,10.0,10.0,10.0,10.0,10.0,10.0,12.0,11.0,11.0,11.0,11.0,11.0,12.0
pbhs,15.0,15,15.0,12.0,8.0,8.0,8.0,8.0,5.0,5.0,2.0,2.0,2.0,2.0,1.0,3.0,7.0,7.0,7.0,7.0,11.0,11.0,11.0,11.0,11.0,12.0
penrose,13.0,13,13.0,12.0,14.0,12.0,11.0,11.0,11.0,11.0,11.0,10.0,12.0,11.0,11.0,11.0,11.0,11.0,11.0,12.0,12.0,12.0,10.0,10.0,11.0,12.0
selfduality,8.0,9,10.0,11.0,10.0,10.0,10.0,10.0,12.0,11.0,10.0,10.0,10.0,10.0,11.0,11.0,12.0,10.0,9.0,9.0,10.0,10.0,10.0,10.0,11.0,12.0
thedeformed,5.0,5,5.0,5.0,5.0,6.0,6.0,6.0,6.0,6.0,7.0,7.0,7.0,9.0,5.0,5.0,5.0,4.0,4.0,4.0,4.0,4.0,4.0,4.0,11.0,12.0
rr,17.0,17,17.0,15.0,16.0,15.0,15.0,19.0,14.0,14.0,14.0,12.0,12.0,12.0,8.0,8.0,8.0,8.0,9.0,9.0,9.0,9.0,11.0,11.0,10.0,12.0
spt,14.0,12,9.0,8.0,10.0,10.0,8.0,10.0,8.0,8.0,8.0,8.0,9.0,9.0,9.0,9.0,9.0,9.0,9.0,13.0,13.0,14.0,13.0,10.0,10.0,12.0
desitter,16.0,16,15.0,15.0,20.0,20.0,18.0,17.0,18.0,18.0,19.0,19.0,18.0,16.0,15.0,15.0,13.0,13.0,13.0,12.0,12.0,12.0,11.0,10.0,10.0,12.0
wightman,1.0,1,1.0,1.0,1.0,1.0,1.0,2.0,2.0,2.0,3.0,2.0,2.0,2.0,2.0,2.0,2.0,2.0,2.0,5.0,7.0,7.0,8.0,9.0,9.0,12.0
multifield,10.0,10,10.0,8.0,8.0,9.0,9.0,9.0,10.0,10.0,8.0,8.0,6.0,6.0,7.0,9.0,8.0,8.0,7.0,7.0,7.0,8.0,8.0,8.0,8.0,12.0
boseeinstein,19.0,19,19.0,18.0,17.0,17.0,16.0,17.0,16.0,15.0,15.0,16.0,15.0,13.0,14.0,13.0,14.0,14.0,14.0,15.0,13.0,13.0,13.0,13.0,15.0,11.0
grossneveu,13.0,16,16.0,16.0,17.0,17.0,17.0,17.0,16.0,17.0,16.0,14.0,14.0,13.0,13.0,13.0,14.0,14.0,14.0,15.0,15.0,15.0,15.0,16.0,14.0,11.0
nexttoleading,22.0,21,21.0,20.0,18.0,18.0,18.0,19.0,16.0,16.0,16.0,16.0,13.0,15.0,13.0,12.0,13.0,14.0,13.0,14.0,14.0,15.0,15.0,15.0,13.0,11.0
rewritten,6.0,8,8.0,8.0,8.0,8.0,8.0,9.0,10.0,11.0,11.0,11.0,12.0,12.0,12.0,12.0,12.0,12.0,11.0,12.0,12.0,13.0,13.0,13.0,13.0,11.0
nonunitary,7.0,7,9.0,10.0,12.0,10.0,11.0,11.0,11.0,11.0,10.0,10.0,10.0,10.0,12.0,12.0,13.0,12.0,12.0,12.0,12.0,11.0,12.0,12.0,12.0,11.0
microstate,14.0,14,14.0,15.0,16.0,18.0,18.0,18.0,17.0,16.0,17.0,17.0,18.0,18.0,18.0,18.0,18.0,17.0,12.0,9.0,9.0,9.0,10.0,10.0,12.0,11.0
sduality,17.0,18,20.0,22.0,22.0,22.0,21.0,16.0,16.0,16.0,17.0,17.0,17.0,10.0,10.0,10.0,10.0,10.0,10.0,10.0,10.0,9.0,9.0,10.0,12.0,11.0
schwingerdyson,10.0,9,9.0,12.0,12.0,12.0,12.0,12.0,13.0,11.0,8.0,8.0,9.0,9.0,11.0,12.0,12.0,12.0,12.0,13.0,13.0,12.0,12.0,12.0,11.0,11.0
twoparticle,7.0,7,9.0,9.0,9.0,9.0,8.0,7.0,8.0,11.0,12.0,12.0,11.0,11.0,11.0,12.0,12.0,13.0,13.0,13.0,13.0,12.0,11.0,11.0,11.0,11.0
lefthanded,7.0,8,9.0,9.0,9.0,8.0,10.0,10.0,10.0,10.0,13.0,13.0,13.0,13.0,12.0,12.0,12.0,12.0,12.0,12.0,12.0,12.0,11.0,11.0,11.0,11.0
qfts,11.0,11,10.0,13.0,13.0,8.0,8.0,7.0,6.0,5.0,5.0,5.0,5.0,5.0,5.0,5.0,5.0,7.0,7.0,9.0,12.0,12.0,11.0,11.0,11.0,11.0
waveform,9.0,9,8.0,10.0,9.0,9.0,9.0,10.0,10.0,9.0,9.0,9.0,9.0,9.0,10.0,12.0,13.0,13.0,13.0,13.0,11.0,11.0,11.0,11.0,11.0,11.0
lqc,9.0,9,4.0,3.0,3.0,3.0,3.0,3.0,1.0,1.0,1.0,1.0,6.0,6.0,8.0,12.0,12.0,12.0,12.0,12.0,11.0,11.0,11.0,11.0,11.0,11.0
subluminal,6.0,6,6.0,6.0,6.0,6.0,6.0,4.0,10.0,10.0,10.0,10.0,10.0,10.0,15.0,14.0,14.0,14.0,12.0,11.0,11.0,11.0,11.0,11.0,11.0,11.0
glsms,6.0,8,8.0,8.0,8.0,8.0,8.0,8.0,8.0,8.0,8.0,8.0,8.0,8.0,8.0,8.0,8.0,11.0,11.0,11.0,11.0,11.0,11.0,11.0,11.0,11.0
kerrnewman,15.0,15,14.0,13.0,14.0,14.0,12.0,13.0,13.0,12.0,12.0,6.0,7.0,7.0,7.0,9.0,9.0,9.0,8.0,10.0,10.0,11.0,11.0,11.0,11.0,11.0
minisuperspace,2.0,2,2.0,1.0,1.0,2.0,3.0,3.0,4.0,5.0,6.0,6.0,6.0,6.0,6.0,6.0,7.0,7.0,7.0,7.0,7.0,7.0,11.0,11.0,11.0,11.0
strongcoupling,6.0,5,5.0,5.0,5.0,5.0,9.0,10.0,8.0,8.0,8.0,9.0,9.0,10.0,12.0,11.0,12.0,12.0,12.0,12.0,11.0,11.0,10.0,11.0,11.0,11.0
coadjoint,3.0,3,3.0,3.0,5.0,5.0,5.0,7.0,7.0,7.0,7.0,8.0,7.0,7.0,7.0,7.0,7.0,9.0,9.0,9.0,10.0,10.0,10.0,11.0,11.0,11.0
hepth,15.0,14,14.0,14.0,13.0,13.0,11.0,11.0,11.0,11.0,10.0,10.0,10.0,10.0,11.0,11.0,11.0,4.0,5.0,6.0,7.0,4.0,7.0,11.0,11.0,11.0
supermanifold,7.0,7,7.0,8.0,8.0,6.0,5.0,4.0,6.0,6.0,6.0,11.0,11.0,11.0,11.0,11.0,11.0,11.0,11.0,11.0,11.0,11.0,11.0,10.0,11.0,11.0
nonflat,3.0,3,3.0,3.0,5.0,5.0,5.0,6.0,7.0,7.0,6.0,6.0,6.0,7.0,7.0,7.0,7.0,7.0,7.0,12.0,12.0,12.0,10.0,10.0,11.0,11.0
endpoint,11.0,11,11.0,11.0,10.0,10.0,10.0,11.0,9.0,10.0,10.0,9.0,9.0,11.0,11.0,13.0,13.0,12.0,12.0,11.0,11.0,10.0,10.0,10.0,11.0,11.0
hubbard,3.0,3,4.0,4.0,6.0,6.0,6.0,6.0,6.0,8.0,8.0,8.0,8.0,8.0,8.0,8.0,8.0,7.0,10.0,10.0,10.0,10.0,10.0,10.0,11.0,11.0
vaidya,3.0,2,2.0,3.0,3.0,3.0,3.0,3.0,3.0,5.0,6.0,6.0,6.0,6.0,6.0,6.0,5.0,5.0,5.0,5.0,5.0,5.0,6.0,9.0,11.0,11.0
approx,6.0,6,7.0,6.0,6.0,7.0,7.0,7.0,7.0,9.0,9.0,9.0,9.0,9.0,9.0,9.0,10.0,11.0,11.0,10.0,10.0,10.0,9.0,9.0,10.0,11.0
supercurrent,9.0,10,10.0,10.0,12.0,13.0,17.0,17.0,17.0,17.0,17.0,17.0,17.0,17.0,17.0,17.0,15.0,15.0,13.0,13.0,13.0,12.0,12.0,12.0,9.0,11.0
mssm,7.0,7,7.0,6.0,6.0,9.0,10.0,10.0,10.0,10.0,8.0,8.0,8.0,8.0,8.0,8.0,6.0,7.0,7.0,7.0,9.0,9.0,8.0,7.0,9.0,11.0
qnec,14.0,19,19.0,19.0,19.0,14.0,14.0,14.0,10.0,10.0,10.0,10.0,10.0,10.0,11.0,11.0,11.0,11.0,15.0,15.0,15.0,15.0,15.0,15.0,15.0,10.0
der,21.0,23,20.0,20.0,21.0,21.0,21.0,20.0,20.0,20.0,19.0,19.0,18.0,19.0,19.0,18.0,18.0,17.0,14.0,13.0,13.0,13.0,13.0,14.0,15.0,10.0
schr,8.0,9,8.0,9.0,9.0,9.0,9.0,10.0,10.0,10.0,10.0,10.0,10.0,10.0,10.0,11.0,11.0,10.0,11.0,11.0,11.0,12.0,14.0,14.0,14.0,10.0
eth,17.0,14,14.0,14.0,14.0,18.0,18.0,18.0,18.0,18.0,18.0,18.0,17.0,17.0,17.0,14.0,14.0,14.0,14.0,14.0,14.0,16.0,16.0,13.0,13.0,10.0
constantroll,18.0,18,18.0,18.0,13.0,13.0,13.0,15.0,15.0,15.0,15.0,15.0,20.0,20.0,23.0,23.0,23.0,22.0,16.0,16.0,16.0,13.0,13.0,13.0,12.0,10.0
finitesize,5.0,5,5.0,6.0,6.0,6.0,7.0,8.0,8.0,8.0,7.0,7.0,7.0,7.0,7.0,9.0,9.0,9.0,9.0,8.0,8.0,10.0,10.0,12.0,12.0,10.0
finetuning,12.0,12,12.0,12.0,12.0,14.0,12.0,12.0,11.0,12.0,11.0,9.0,9.0,8.0,8.0,8.0,8.0,9.0,9.0,10.0,10.0,10.0,10.0,10.0,12.0,10.0
solitonic,9.0,9,7.0,7.0,8.0,9.0,10.0,10.0,11.0,11.0,11.0,11.0,12.0,12.0,13.0,12.0,12.0,11.0,12.0,14.0,14.0,14.0,14.0,12.0,11.0,10.0
cohomological,8.0,7,6.0,7.0,7.0,8.0,8.0,8.0,8.0,8.0,9.0,11.0,11.0,12.0,12.0,13.0,13.0,13.0,12.0,12.0,12.0,12.0,12.0,12.0,11.0,10.0
vainshtein,4.0,4,7.0,8.0,8.0,8.0,13.0,13.0,13.0,14.0,14.0,14.0,13.0,13.0,13.0,13.0,13.0,13.0,12.0,12.0,12.0,12.0,11.0,11.0,11.0,10.0
laughlin,2.0,2,2.0,2.0,2.0,2.0,2.0,2.0,4.0,4.0,4.0,4.0,4.0,4.0,3.0,3.0,3.0,9.0,9.0,9.0,9.0,9.0,11.0,11.0,11.0,10.0
nonfermi,21.0,17,14.0,14.0,15.0,15.0,13.0,14.0,14.0,14.0,14.0,17.0,17.0,16.0,17.0,15.0,16.0,16.0,16.0,16.0,13.0,13.0,12.0,12.0,10.0,10.0
comoving,12.0,13,14.0,14.0,14.0,13.0,13.0,13.0,13.0,13.0,13.0,12.0,11.0,11.0,12.0,12.0,12.0,12.0,12.0,12.0,12.0,11.0,11.0,11.0,10.0,10.0
lightfront,11.0,12,12.0,12.0,9.0,9.0,9.0,9.0,9.0,9.0,12.0,10.0,12.0,12.0,13.0,14.0,15.0,11.0,11.0,11.0,11.0,11.0,11.0,10.0,10.0,10.0
longrange,25.0,25,24.0,23.0,21.0,21.0,21.0,21.0,21.0,21.0,22.0,21.0,20.0,15.0,17.0,17.0,14.0,14.0,12.0,12.0,12.0,11.0,10.0,10.0,10.0,10.0
sinhgordon,6.0,6,8.0,10.0,10.0,7.0,8.0,9.0,9.0,9.0,9.0,8.0,8.0,8.0,8.0,11.0,11.0,11.0,12.0,11.0,11.0,11.0,10.0,10.0,10.0,10.0
onetoone,10.0,9,9.0,9.0,9.0,7.0,9.0,10.0,10.0,10.0,10.0,10.0,10.0,9.0,9.0,11.0,11.0,10.0,9.0,10.0,11.0,11.0,10.0,10.0,10.0,10.0
quantummechanical,10.0,10,9.0,9.0,9.0,9.0,9.0,9.0,8.0,8.0,7.0,7.0,6.0,9.0,9.0,8.0,8.0,10.0,10.0,9.0,11.0,11.0,10.0,10.0,10.0,10.0
landauginzburg,14.0,14,14.0,12.0,11.0,12.0,12.0,10.0,10.0,10.0,12.0,10.0,10.0,10.0,9.0,9.0,9.0,8.0,8.0,8.0,10.0,11.0,10.0,10.0,10.0,10.0
pulsar,5.0,8,8.0,10.0,11.0,11.0,11.0,10.0,10.0,10.0,12.0,12.0,13.0,13.0,13.0,13.0,13.0,13.0,12.0,11.0,11.0,10.0,10.0,10.0,10.0,10.0
freezeout,8.0,8,8.0,8.0,8.0,3.0,3.0,3.0,5.0,5.0,5.0,3.0,8.0,8.0,8.0,10.0,10.0,10.0,10.0,10.0,10.0,10.0,10.0,10.0,10.0,10.0
hamiltonjacobi,6.0,6,5.0,7.0,7.0,7.0,7.0,5.0,5.0,5.0,5.0,5.0,6.0,6.0,8.0,10.0,10.0,10.0,10.0,10.0,10.0,10.0,10.0,10.0,10.0,10.0
glsm,6.0,6,6.0,8.0,8.0,9.0,9.0,10.0,10.0,10.0,10.0,9.0,9.0,9.0,9.0,9.0,9.0,10.0,10.0,10.0,10.0,10.0,10.0,10.0,10.0,10.0
gromovwitten,16.0,16,16.0,15.0,15.0,16.0,16.0,16.0,8.0,8.0,9.0,10.0,9.0,9.0,9.0,10.0,10.0,9.0,10.0,10.0,9.0,10.0,10.0,10.0,10.0,10.0
cobordism,2.0,2,2.0,2.0,3.0,3.0,3.0,4.0,4.0,4.0,7.0,7.0,7.0,7.0,7.0,6.0,6.0,6.0,6.0,5.0,5.0,10.0,10.0,10.0,10.0,10.0
superstrings,5.0,6,6.0,6.0,6.0,5.0,7.0,8.0,7.0,7.0,7.0,7.0,8.0,8.0,7.0,8.0,8.0,8.0,7.0,9.0,9.0,9.0,10.0,10.0,10.0,10.0
kms,6.0,6,6.0,6.0,6.0,6.0,6.0,6.0,4.0,4.0,7.0,7.0,7.0,8.0,8.0,7.0,4.0,6.0,6.0,6.0,6.0,6.0,10.0,10.0,10.0,10.0
bottomup,7.0,7,7.0,8.0,8.0,8.0,8.0,7.0,7.0,8.0,8.0,8.0,7.0,8.0,8.0,9.0,11.0,10.0,9.0,9.0,10.0,10.0,9.0,10.0,10.0,10.0
superradiance,4.0,4,2.0,2.0,2.0,2.0,2.0,1.0,1.0,1.0,1.0,1.0,1.0,2.0,3.0,3.0,3.0,3.0,5.0,5.0,9.0,9.0,9.0,10.0,10.0,10.0
gravitationalwave,11.0,11,11.0,12.0,12.0,13.0,12.0,12.0,12.0,12.0,11.0,12.0,12.0,11.0,11.0,12.0,12.0,12.0,9.0,8.0,8.0,9.0,9.0,10.0,10.0,10.0
versa,5.0,5,6.0,6.0,6.0,6.0,6.0,7.0,7.0,7.0,7.0,7.0,7.0,7.0,7.0,8.0,8.0,8.0,8.0,8.0,8.0,9.0,9.0,10.0,10.0,10.0
ppwaves,2.0,2,2.0,4.0,4.0,4.0,4.0,4.0,4.0,4.0,4.0,6.0,6.0,5.0,4.0,4.0,4.0,4.0,4.0,4.0,5.0,5.0,9.0,10.0,10.0,10.0
heavyion,6.0,6,6.0,6.0,6.0,5.0,6.0,6.0,8.0,7.0,7.0,8.0,7.0,7.0,8.0,9.0,10.0,10.0,10.0,10.0,10.0,11.0,10.0,9.0,10.0,10.0
pomeron,5.0,6,11.0,11.0,11.0,11.0,11.0,11.0,11.0,9.0,10.0,10.0,10.0,10.0,10.0,10.0,12.0,12.0,12.0,12.0,12.0,12.0,9.0,9.0,10.0,10.0
heavylight,8.0,8,8.0,8.0,7.0,7.0,13.0,13.0,13.0,13.0,13.0,9.0,10.0,10.0,10.0,10.0,10.0,9.0,9.0,9.0,9.0,9.0,9.0,9.0,10.0,10.0
nonbps,6.0,6,6.0,6.0,6.0,6.0,6.0,4.0,4.0,5.0,6.0,6.0,7.0,9.0,9.0,9.0,9.0,9.0,9.0,9.0,8.0,9.0,8.0,9.0,10.0,10.0
ultralight,12.0,12,12.0,12.0,13.0,13.0,13.0,11.0,11.0,11.0,9.0,9.0,9.0,8.0,8.0,8.0,8.0,8.0,8.0,8.0,5.0,4.0,7.0,9.0,10.0,10.0
wouldbe,2.0,2,2.0,2.0,2.0,2.0,2.0,4.0,4.0,4.0,3.0,3.0,3.0,3.0,4.0,4.0,4.0,4.0,5.0,5.0,6.0,8.0,8.0,8.0,10.0,10.0
kinkantikink,2.0,2,2.0,5.0,6.0,6.0,6.0,6.0,7.0,8.0,8.0,8.0,8.0,7.0,7.0,7.0,7.0,7.0,7.0,7.0,7.0,7.0,7.0,7.0,10.0,10.0
floquet,14.0,14,14.0,13.0,13.0,14.0,14.0,18.0,18.0,18.0,18.0,18.0,18.0,18.0,18.0,18.0,8.0,7.0,8.0,8.0,8.0,8.0,6.0,6.0,10.0,10.0
drgt,8.0,8,8.0,8.0,8.0,8.0,8.0,8.0,9.0,9.0,7.0,7.0,14.0,13.0,13.0,13.0,13.0,13.0,9.0,9.0,10.0,10.0,10.0,10.0,9.0,10.0
modelindependent,13.0,14,14.0,14.0,13.0,11.0,10.0,10.0,10.0,10.0,10.0,9.0,9.0,10.0,10.0,9.0,10.0,11.0,10.0,10.0,10.0,10.0,10.0,9.0,9.0,10.0
threeform,15.0,15,14.0,11.0,11.0,11.0,11.0,10.0,10.0,10.0,10.0,9.0,9.0,9.0,7.0,8.0,8.0,10.0,12.0,11.0,12.0,14.0,9.0,9.0,9.0,10.0
outoftimeordered,12.0,12,12.0,7.0,7.0,9.0,8.0,8.0,4.0,4.0,4.0,4.0,3.0,4.0,4.0,5.0,5.0,5.0,5.0,5.0,9.0,9.0,9.0,9.0,9.0,10.0
nearextremal,8.0,7,8.0,8.0,8.0,7.0,7.0,7.0,8.0,8.0,7.0,7.0,6.0,6.0,6.0,6.0,6.0,8.0,8.0,9.0,8.0,8.0,8.0,9.0,9.0,10.0
transseries,6.0,5,5.0,5.0,5.0,8.0,8.0,8.0,8.0,8.0,8.0,8.0,8.0,8.0,8.0,9.0,9.0,12.0,13.0,13.0,13.0,13.0,8.0,8.0,8.0,10.0
palatini,14.0,14,14.0,14.0,14.0,16.0,16.0,14.0,14.0,14.0,14.0,13.0,14.0,14.0,14.0,14.0,14.0,13.0,12.0,12.0,10.0,12.0,8.0,8.0,8.0,10.0
timedependence,5.0,6,6.0,7.0,7.0,6.0,6.0,6.0,7.0,7.0,7.0,6.0,5.0,5.0,5.0,5.0,5.0,5.0,6.0,6.0,6.0,6.0,8.0,8.0,8.0,10.0
gws,8.0,8,8.0,7.0,7.0,7.0,7.0,9.0,10.0,10.0,14.0,14.0,13.0,13.0,13.0,13.0,13.0,13.0,13.0,13.0,13.0,13.0,13.0,13.0,7.0,10.0
selfaccelerating,5.0,7,7.0,7.0,7.0,7.0,7.0,8.0,8.0,7.0,7.0,7.0,7.0,7.0,7.0,7.0,7.0,7.0,4.0,4.0,4.0,4.0,6.0,6.0,6.0,10.0
otocs,9.0,9,9.0,8.0,8.0,8.0,8.0,8.0,10.0,10.0,10.0,10.0,10.0,12.0,12.0,12.0,12.0,12.0,12.0,12.0,12.0,14.0,14.0,13.0,13.0,9.0
efolds,13.0,12,12.0,11.0,11.0,11.0,12.0,13.0,13.0,12.0,12.0,13.0,13.0,13.0,13.0,14.0,14.0,14.0,14.0,14.0,13.0,11.0,11.0,11.0,12.0,9.0
hyperkahler,12.0,10,10.0,10.0,16.0,15.0,15.0,14.0,14.0,13.0,13.0,13.0,13.0,13.0,13.0,13.0,13.0,13.0,11.0,11.0,13.0,13.0,12.0,12.0,11.0,9.0
leadingorder,8.0,8,9.0,8.0,10.0,10.0,10.0,9.0,9.0,9.0,9.0,9.0,8.0,8.0,10.0,10.0,10.0,11.0,11.0,13.0,12.0,12.0,11.0,11.0,11.0,9.0
phasespace,14.0,14,14.0,16.0,16.0,16.0,17.0,17.0,16.0,16.0,18.0,17.0,17.0,17.0,15.0,15.0,15.0,14.0,12.0,12.0,12.0,12.0,11.0,10.0,10.0,9.0
lightest,15.0,15,15.0,16.0,15.0,16.0,16.0,16.0,15.0,15.0,14.0,12.0,12.0,12.0,11.0,11.0,11.0,10.0,9.0,8.0,11.0,11.0,11.0,10.0,10.0,9.0
dyonic,23.0,21,21.0,21.0,20.0,20.0,20.0,20.0,20.0,18.0,18.0,14.0,14.0,14.0,15.0,15.0,15.0,13.0,14.0,14.0,14.0,14.0,9.0,10.0,10.0,9.0
cp,17.0,17,16.0,16.0,15.0,16.0,16.0,16.0,18.0,17.0,17.0,16.0,17.0,13.0,13.0,13.0,13.0,12.0,12.0,9.0,10.0,10.0,9.0,10.0,10.0,9.0
stronglycoupled,3.0,3,4.0,4.0,5.0,5.0,5.0,5.0,5.0,6.0,5.0,5.0,5.0,5.0,7.0,6.0,7.0,7.0,7.0,7.0,9.0,9.0,9.0,10.0,10.0,9.0
eigenstate,16.0,14,14.0,15.0,15.0,16.0,15.0,15.0,15.0,15.0,15.0,15.0,13.0,13.0,14.0,13.0,14.0,12.0,12.0,12.0,12.0,11.0,11.0,8.0,10.0,9.0
starobinsky,12.0,12,13.0,13.0,12.0,12.0,12.0,9.0,10.0,10.0,10.0,11.0,12.0,12.0,12.0,11.0,11.0,11.0,11.0,10.0,12.0,12.0,12.0,12.0,9.0,9.0
selfgravitating,7.0,7,7.0,7.0,8.0,10.0,10.0,11.0,11.0,11.0,11.0,11.0,11.0,11.0,11.0,11.0,12.0,12.0,12.0,13.0,13.0,13.0,12.0,11.0,9.0,9.0
twoform,16.0,15,15.0,15.0,15.0,13.0,15.0,14.0,14.0,14.0,13.0,13.0,10.0,10.0,9.0,10.0,10.0,12.0,11.0,10.0,11.0,11.0,10.0,10.0,9.0,9.0
raritaschwinger,8.0,7,7.0,7.0,7.0,10.0,10.0,12.0,12.0,12.0,12.0,12.0,13.0,13.0,11.0,11.0,11.0,11.0,11.0,11.0,10.0,10.0,10.0,10.0,9.0,9.0
hov,10.0,8,8.0,8.0,8.0,8.0,8.0,5.0,5.0,5.0,7.0,6.0,8.0,8.0,8.0,8.0,7.0,9.0,11.0,11.0,10.0,10.0,10.0,10.0,9.0,9.0
ss,5.0,6,6.0,6.0,6.0,6.0,6.0,9.0,9.0,6.0,6.0,6.0,6.0,6.0,9.0,9.0,9.0,9.0,9.0,9.0,10.0,10.0,10.0,10.0,9.0,9.0
thefunction,3.0,4,4.0,5.0,5.0,5.0,5.0,7.0,7.0,7.0,7.0,8.0,8.0,9.0,9.0,9.0,9.0,9.0,8.0,11.0,11.0,11.0,11.0,9.0,9.0,9.0
goldstino,17.0,17,16.0,12.0,13.0,13.0,11.0,11.0,12.0,12.0,12.0,14.0,13.0,13.0,13.0,13.0,13.0,13.0,14.0,14.0,14.0,14.0,10.0,9.0,9.0,9.0
gravitymatter,4.0,4,4.0,4.0,4.0,4.0,4.0,4.0,5.0,5.0,6.0,6.0,8.0,10.0,10.0,10.0,9.0,9.0,11.0,11.0,11.0,9.0,10.0,9.0,9.0,9.0
multiscale,5.0,6,7.0,7.0,9.0,9.0,9.0,9.0,9.0,10.0,10.0,10.0,9.0,9.0,9.0,10.0,10.0,10.0,10.0,9.0,9.0,9.0,10.0,9.0,9.0,9.0
xcdm,4.0,4,4.0,4.0,4.0,4.0,4.0,4.0,4.0,4.0,4.0,4.0,6.0,6.0,6.0,8.0,8.0,8.0,8.0,13.0,13.0,13.0,9.0,9.0,9.0,9.0
fayetiliopoulos,4.0,4,5.0,6.0,6.0,6.0,6.0,9.0,9.0,8.0,8.0,7.0,7.0,7.0,8.0,8.0,8.0,8.0,8.0,8.0,9.0,10.0,9.0,9.0,9.0,9.0
vafa,5.0,5,5.0,7.0,7.0,7.0,6.0,6.0,6.0,6.0,6.0,6.0,6.0,8.0,8.0,8.0,8.0,9.0,10.0,10.0,10.0,9.0,9.0,9.0,9.0,9.0
eikonal,10.0,10,8.0,7.0,5.0,5.0,5.0,5.0,11.0,11.0,11.0,10.0,10.0,10.0,11.0,10.0,10.0,9.0,9.0,10.0,10.0,9.0,9.0,9.0,9.0,9.0
multicritical,6.0,6,5.0,6.0,9.0,9.0,13.0,12.0,12.0,12.0,11.0,11.0,10.0,10.0,10.0,9.0,10.0,9.0,9.0,9.0,9.0,9.0,9.0,9.0,9.0,9.0
cy,8.0,8,11.0,11.0,8.0,8.0,4.0,4.0,4.0,4.0,8.0,9.0,9.0,9.0,9.0,9.0,9.0,9.0,9.0,9.0,9.0,9.0,9.0,9.0,9.0,9.0
lqg,8.0,8,11.0,11.0,11.0,11.0,11.0,10.0,9.0,9.0,9.0,3.0,3.0,5.0,5.0,5.0,7.0,9.0,9.0,9.0,9.0,9.0,9.0,9.0,9.0,9.0
cmera,4.0,4,4.0,4.0,5.0,1.0,1.0,1.0,1.0,1.0,1.0,1.0,2.0,2.0,2.0,2.0,2.0,2.0,9.0,9.0,9.0,9.0,9.0,9.0,9.0,9.0
associahedron,3.0,3,3.0,8.0,8.0,8.0,10.0,10.0,8.0,8.0,8.0,8.0,8.0,8.0,8.0,8.0,8.0,7.0,7.0,9.0,9.0,9.0,9.0,9.0,9.0,9.0
qsc,5.0,5,5.0,5.0,5.0,5.0,2.0,2.0,2.0,2.0,2.0,2.0,2.0,2.0,5.0,5.0,6.0,6.0,6.0,9.0,9.0,9.0,9.0,9.0,9.0,9.0
scaleinvariant,14.0,14,14.0,14.0,11.0,10.0,13.0,13.0,13.0,13.0,12.0,11.0,9.0,10.0,9.0,11.0,10.0,10.0,9.0,8.0,9.0,9.0,9.0,9.0,9.0,9.0
synchronised,4.0,4,4.0,4.0,4.0,4.0,9.0,6.0,6.0,6.0,6.0,6.0,6.0,6.0,6.0,6.0,7.0,7.0,7.0,7.0,9.0,9.0,9.0,9.0,9.0,9.0
qm,5.0,5,4.0,3.0,0.0,3.0,3.0,3.0,3.0,3.0,8.0,8.0,8.0,8.0,8.0,8.0,8.0,8.0,8.0,8.0,8.0,9.0,9.0,9.0,9.0,9.0
qnms,5.0,5,5.0,5.0,5.0,5.0,5.0,5.0,5.0,5.0,5.0,3.0,3.0,3.0,3.0,3.0,3.0,3.0,3.0,3.0,9.0,6.0,9.0,9.0,9.0,9.0
confinementdeconfinement,5.0,8,8.0,8.0,8.0,8.0,7.0,10.0,10.0,10.0,10.0,10.0,10.0,10.0,10.0,10.0,10.0,9.0,9.0,9.0,9.0,9.0,8.0,9.0,9.0,9.0
waveforms,2.0,3,3.0,1.0,1.0,1.0,1.0,3.0,3.0,3.0,3.0,3.0,3.0,3.0,4.0,6.0,6.0,6.0,8.0,8.0,8.0,8.0,8.0,9.0,9.0,9.0
ofdimensional,7.0,5,4.0,4.0,3.0,3.0,1.0,2.0,3.0,3.0,3.0,3.0,4.0,6.0,6.0,6.0,7.0,7.0,7.0,7.0,7.0,7.0,8.0,9.0,9.0,9.0
mathfrak,10.0,9,9.0,9.0,9.0,9.0,8.0,11.0,11.0,11.0,11.0,11.0,11.0,9.0,9.0,12.0,12.0,8.0,8.0,8.0,8.0,8.0,6.0,9.0,9.0,9.0
thirdorder,8.0,8,8.0,12.0,12.0,12.0,11.0,12.0,13.0,13.0,12.0,12.0,10.0,10.0,10.0,10.0,10.0,10.0,9.0,9.0,9.0,9.0,8.0,8.0,9.0,9.0
longwavelength,8.0,9,9.0,8.0,7.0,8.0,8.0,9.0,9.0,7.0,7.0,7.0,7.0,7.0,7.0,7.0,7.0,7.0,6.0,7.0,9.0,8.0,8.0,8.0,9.0,9.0
electricmagnetic,5.0,5,5.0,5.0,5.0,5.0,5.0,4.0,4.0,5.0,5.0,5.0,8.0,8.0,8.0,8.0,8.0,8.0,8.0,8.0,8.0,8.0,8.0,8.0,9.0,9.0
langevin,6.0,6,6.0,6.0,7.0,7.0,7.0,9.0,8.0,8.0,8.0,7.0,7.0,7.0,7.0,5.0,5.0,7.0,8.0,7.0,8.0,8.0,8.0,8.0,9.0,9.0
rederive,5.0,4,3.0,3.0,4.0,4.0,5.0,5.0,5.0,7.0,7.0,8.0,7.0,7.0,8.0,8.0,8.0,7.0,7.0,7.0,8.0,8.0,8.0,8.0,9.0,9.0
glueballs,4.0,4,5.0,5.0,4.0,5.0,5.0,5.0,5.0,5.0,5.0,6.0,6.0,6.0,7.0,7.0,7.0,6.0,7.0,7.0,7.0,8.0,8.0,8.0,9.0,9.0
schwarzschildde,6.0,7,7.0,5.0,4.0,4.0,5.0,5.0,6.0,6.0,6.0,5.0,5.0,5.0,5.0,5.0,5.0,5.0,5.0,5.0,5.0,6.0,6.0,8.0,9.0,9.0
cv,6.0,6,6.0,6.0,6.0,6.0,8.0,8.0,8.0,10.0,10.0,10.0,10.0,10.0,10.0,10.0,10.0,10.0,11.0,12.0,12.0,11.0,7.0,7.0,9.0,9.0
multiparticle,10.0,6,6.0,6.0,6.0,5.0,4.0,4.0,7.0,7.0,7.0,7.0,7.0,7.0,7.0,7.0,7.0,7.0,7.0,7.0,8.0,8.0,7.0,7.0,9.0,9.0
symmetrybreaking,7.0,6,5.0,5.0,3.0,3.0,3.0,3.0,3.0,4.0,5.0,5.0,5.0,5.0,5.0,5.0,5.0,5.0,5.0,4.0,7.0,8.0,7.0,7.0,9.0,9.0
largescale,15.0,15,15.0,15.0,15.0,14.0,15.0,17.0,18.0,16.0,16.0,16.0,14.0,14.0,14.0,14.0,12.0,9.0,7.0,9.0,8.0,7.0,7.0,7.0,9.0,9.0
timescale,17.0,16,15.0,15.0,15.0,15.0,15.0,14.0,13.0,13.0,13.0,8.0,9.0,9.0,9.0,9.0,13.0,13.0,14.0,14.0,14.0,10.0,9.0,8.0,8.0,9.0
ultracold,6.0,6,6.0,5.0,4.0,6.0,6.0,6.0,6.0,6.0,6.0,7.0,7.0,8.0,8.0,8.0,9.0,9.0,9.0,9.0,8.0,8.0,9.0,8.0,8.0,9.0
cardy,7.0,7,7.0,7.0,8.0,10.0,10.0,10.0,10.0,10.0,10.0,10.0,8.0,8.0,9.0,9.0,9.0,9.0,9.0,7.0,8.0,8.0,8.0,8.0,8.0,9.0
gibbonshawking,8.0,8,8.0,8.0,8.0,7.0,7.0,8.0,8.0,8.0,8.0,8.0,8.0,9.0,9.0,9.0,10.0,11.0,9.0,9.0,9.0,10.0,8.0,8.0,7.0,9.0
pseudoscalar,15.0,15,15.0,13.0,13.0,14.0,15.0,14.0,13.0,14.0,14.0,12.0,9.0,8.0,8.0,8.0,8.0,7.0,7.0,7.0,7.0,7.0,6.0,6.0,6.0,9.0
rmt,7.0,7,7.0,7.0,7.0,6.0,6.0,6.0,6.0,6.0,6.0,6.0,6.0,6.0,6.0,6.0,6.0,6.0,6.0,6.0,6.0,6.0,6.0,6.0,6.0,9.0
dinger,8.0,9,8.0,9.0,9.0,9.0,9.0,10.0,10.0,10.0,10.0,10.0,10.0,10.0,10.0,10.0,10.0,9.0,10.0,10.0,10.0,10.0,12.0,12.0,12.0,8.0
superparticle,7.0,7,5.0,5.0,6.0,7.0,7.0,7.0,9.0,8.0,8.0,8.0,8.0,8.0,8.0,8.0,8.0,9.0,10.0,10.0,11.0,10.0,10.0,10.0,10.0,8.0
pointlike,15.0,15,12.0,12.0,12.0,13.0,14.0,14.0,12.0,14.0,14.0,14.0,14.0,13.0,13.0,13.0,12.0,11.0,11.0,10.0,10.0,10.0,10.0,10.0,9.0,8.0
nekrasov,7.0,8,9.0,10.0,11.0,12.0,12.0,13.0,13.0,13.0,12.0,12.0,12.0,12.0,12.0,12.0,12.0,12.0,11.0,11.0,10.0,10.0,11.0,9.0,9.0,8.0
parameterized,7.0,8,8.0,9.0,8.0,8.0,9.0,9.0,9.0,9.0,9.0,9.0,9.0,9.0,9.0,10.0,10.0,12.0,12.0,11.0,11.0,10.0,10.0,9.0,9.0,8.0
parameterization,4.0,4,4.0,4.0,3.0,3.0,3.0,4.0,6.0,6.0,6.0,6.0,6.0,6.0,6.0,7.0,7.0,7.0,7.0,10.0,10.0,10.0,9.0,9.0,9.0,8.0
sp,13.0,15,14.0,14.0,16.0,20.0,20.0,20.0,18.0,18.0,18.0,17.0,17.0,17.0,17.0,17.0,17.0,17.0,10.0,10.0,9.0,9.0,9.0,9.0,9.0,8.0
qubits,4.0,4,5.0,5.0,5.0,4.0,4.0,4.0,4.0,4.0,4.0,4.0,6.0,6.0,6.0,6.0,6.0,6.0,7.0,7.0,8.0,9.0,9.0,9.0,9.0,8.0
bayesian,12.0,12,12.0,14.0,14.0,13.0,11.0,12.0,12.0,11.0,11.0,10.0,10.0,9.0,9.0,9.0,6.0,6.0,6.0,6.0,5.0,9.0,9.0,9.0,9.0,8.0
eigenvectors,4.0,4,4.0,4.0,4.0,4.0,4.0,5.0,5.0,5.0,5.0,5.0,5.0,6.0,6.0,6.0,6.0,6.0,6.0,5.0,5.0,6.0,9.0,9.0,9.0,8.0
nogo,11.0,11,10.0,10.0,10.0,11.0,11.0,11.0,11.0,10.0,11.0,11.0,11.0,12.0,9.0,8.0,8.0,8.0,8.0,6.0,6.0,7.0,7.0,9.0,9.0,8.0
compton,8.0,10,9.0,9.0,9.0,9.0,6.0,6.0,7.0,8.0,8.0,8.0,9.0,9.0,9.0,9.0,9.0,7.0,7.0,7.0,7.0,8.0,8.0,8.0,9.0,8.0
wallcrossing,4.0,7,7.0,7.0,8.0,10.0,9.0,9.0,9.0,9.0,9.0,8.0,8.0,8.0,8.0,8.0,8.0,7.0,7.0,7.0,7.0,7.0,8.0,8.0,9.0,8.0
quarkonia,8.0,8,8.0,7.0,6.0,8.0,6.0,6.0,6.0,6.0,6.0,6.0,6.0,6.0,8.0,10.0,10.0,11.0,11.0,11.0,11.0,11.0,11.0,12.0,8.0,8.0
mhv,15.0,15,14.0,15.0,11.0,11.0,11.0,12.0,12.0,12.0,11.0,11.0,11.0,13.0,13.0,13.0,13.0,14.0,14.0,14.0,14.0,15.0,15.0,9.0,8.0,8.0
quantised,5.0,7,8.0,8.0,8.0,11.0,12.0,12.0,13.0,13.0,13.0,13.0,12.0,12.0,12.0,12.0,12.0,12.0,12.0,12.0,12.0,11.0,10.0,9.0,8.0,8.0
deconfined,14.0,14,14.0,14.0,16.0,15.0,15.0,13.0,13.0,15.0,14.0,14.0,12.0,12.0,10.0,9.0,9.0,9.0,9.0,9.0,9.0,10.0,9.0,9.0,8.0,8.0
realtime,4.0,5,6.0,6.0,7.0,7.0,6.0,6.0,8.0,8.0,8.0,9.0,9.0,8.0,8.0,9.0,10.0,10.0,10.0,10.0,10.0,9.0,9.0,9.0,8.0,8.0
longlived,6.0,6,6.0,6.0,6.0,8.0,6.0,7.0,7.0,6.0,7.0,7.0,7.0,7.0,7.0,7.0,7.0,6.0,7.0,7.0,9.0,9.0,9.0,9.0,8.0,8.0
glueball,4.0,4,4.0,4.0,4.0,5.0,5.0,5.0,5.0,5.0,5.0,7.0,6.0,6.0,7.0,7.0,6.0,5.0,7.0,7.0,7.0,7.0,9.0,9.0,8.0,8.0
arxiv,9.0,9,8.0,8.0,8.0,8.0,9.0,9.0,9.0,9.0,5.0,5.0,5.0,6.0,6.0,6.0,8.0,7.0,6.0,7.0,7.0,6.0,9.0,9.0,8.0,8.0
grassmannian,9.0,9,8.0,9.0,10.0,7.0,8.0,8.0,10.0,9.0,9.0,9.0,9.0,9.0,9.0,9.0,8.0,7.0,8.0,8.0,9.0,9.0,9.0,8.0,8.0,8.0
twoparameter,5.0,5,5.0,5.0,6.0,7.0,7.0,8.0,8.0,8.0,8.0,8.0,8.0,8.0,8.0,8.0,7.0,7.0,7.0,8.0,8.0,9.0,9.0,8.0,8.0,8.0
oneparameter,17.0,18,17.0,16.0,17.0,17.0,17.0,18.0,17.0,17.0,15.0,15.0,15.0,14.0,14.0,14.0,13.0,12.0,12.0,11.0,10.0,10.0,8.0,8.0,8.0,8.0
finsler,5.0,5,5.0,5.0,8.0,8.0,8.0,7.0,10.0,10.0,10.0,10.0,10.0,10.0,9.0,9.0,9.0,8.0,10.0,10.0,10.0,10.0,8.0,8.0,8.0,8.0
weinberg,13.0,12,13.0,13.0,13.0,15.0,14.0,11.0,11.0,11.0,11.0,11.0,9.0,11.0,10.0,10.0,9.0,9.0,10.0,9.0,9.0,9.0,8.0,8.0,8.0,8.0
leq,5.0,5,5.0,5.0,5.0,5.0,6.0,6.0,6.0,6.0,7.0,12.0,12.0,12.0,12.0,12.0,12.0,9.0,9.0,9.0,9.0,8.0,8.0,8.0,8.0,8.0
superhorizon,6.0,6,5.0,5.0,5.0,5.0,5.0,6.0,7.0,11.0,11.0,10.0,10.0,10.0,10.0,10.0,9.0,9.0,9.0,9.0,8.0,8.0,8.0,8.0,8.0,8.0
heavier,8.0,8,8.0,8.0,9.0,10.0,10.0,9.0,8.0,8.0,8.0,9.0,8.0,8.0,7.0,7.0,8.0,9.0,9.0,9.0,8.0,8.0,8.0,8.0,8.0,8.0
coarsegrained,6.0,7,6.0,4.0,4.0,5.0,6.0,7.0,8.0,8.0,9.0,9.0,9.0,8.0,8.0,8.0,7.0,8.0,8.0,8.0,8.0,8.0,8.0,8.0,8.0,8.0
fqh,3.0,3,0.0,0.0,0.0,0.0,0.0,0.0,0.0,0.0,0.0,0.0,0.0,4.0,4.0,4.0,4.0,8.0,8.0,8.0,8.0,8.0,8.0,8.0,8.0,8.0
dterm,10.0,10,10.0,10.0,10.0,10.0,9.0,12.0,12.0,8.0,8.0,10.0,10.0,10.0,9.0,7.0,7.0,7.0,7.0,7.0,8.0,8.0,8.0,8.0,8.0,8.0
ricciflat,3.0,3,3.0,3.0,3.0,3.0,3.0,4.0,4.0,3.0,3.0,3.0,3.0,4.0,4.0,4.0,7.0,7.0,6.0,6.0,8.0,8.0,8.0,8.0,8.0,8.0
higgsing,5.0,5,5.0,5.0,6.0,6.0,8.0,9.0,8.0,8.0,9.0,9.0,10.0,10.0,10.0,11.0,11.0,11.0,8.0,7.0,7.0,8.0,8.0,8.0,8.0,8.0
laplace,7.0,7,7.0,7.0,7.0,6.0,6.0,7.0,8.0,9.0,9.0,8.0,8.0,6.0,6.0,6.0,7.0,5.0,5.0,7.0,7.0,8.0,8.0,8.0,8.0,8.0
twobody,6.0,6,6.0,6.0,6.0,6.0,6.0,7.0,7.0,5.0,8.0,7.0,6.0,6.0,8.0,8.0,9.0,9.0,9.0,9.0,9.0,7.0,8.0,8.0,8.0,8.0
smallest,8.0,7,8.0,9.0,9.0,9.0,9.0,8.0,7.0,7.0,7.0,8.0,8.0,8.0,9.0,10.0,10.0,9.0,8.0,7.0,7.0,7.0,8.0,8.0,8.0,8.0
shortrange,7.0,8,7.0,7.0,8.0,7.0,7.0,8.0,8.0,9.0,8.0,7.0,7.0,7.0,7.0,7.0,7.0,5.0,6.0,7.0,7.0,7.0,8.0,8.0,8.0,8.0
infinitedimensional,16.0,16,16.0,16.0,17.0,18.0,18.0,18.0,17.0,16.0,16.0,16.0,13.0,13.0,13.0,11.0,11.0,8.0,6.0,6.0,6.0,7.0,8.0,8.0,8.0,8.0
selfcoupling,9.0,9,8.0,6.0,6.0,7.0,7.0,7.0,9.0,8.0,8.0,8.0,8.0,8.0,7.0,7.0,7.0,6.0,6.0,6.0,6.0,7.0,8.0,8.0,8.0,8.0
zeromode,6.0,6,6.0,9.0,9.0,9.0,7.0,7.0,8.0,7.0,7.0,7.0,9.0,9.0,9.0,9.0,9.0,9.0,9.0,9.0,9.0,7.0,7.0,8.0,8.0,8.0
thinwall,6.0,6,9.0,12.0,12.0,12.0,11.0,11.0,11.0,11.0,10.0,10.0,10.0,10.0,9.0,9.0,9.0,9.0,9.0,7.0,7.0,7.0,7.0,8.0,8.0,8.0
ia,5.0,5,5.0,4.0,4.0,5.0,4.0,4.0,5.0,4.0,4.0,4.0,5.0,5.0,5.0,6.0,6.0,6.0,6.0,7.0,7.0,7.0,7.0,8.0,8.0,8.0
wesszuminowitten,5.0,5,4.0,4.0,4.0,3.0,3.0,4.0,4.0,4.0,4.0,4.0,4.0,4.0,4.0,4.0,5.0,4.0,5.0,6.0,6.0,6.0,6.0,8.0,8.0,8.0
endpoints,7.0,7,6.0,6.0,6.0,7.0,7.0,8.0,9.0,11.0,10.0,9.0,9.0,9.0,8.0,9.0,9.0,8.0,8.0,8.0,8.0,8.0,8.0,7.0,8.0,8.0
zamolodchikov,3.0,3,3.0,3.0,4.0,4.0,4.0,4.0,4.0,4.0,4.0,4.0,4.0,4.0,4.0,4.0,4.0,5.0,5.0,8.0,8.0,8.0,8.0,7.0,8.0,8.0
supertranslations,12.0,13,15.0,15.0,15.0,15.0,15.0,15.0,15.0,15.0,9.0,8.0,7.0,7.0,7.0,6.0,6.0,6.0,8.0,8.0,7.0,7.0,7.0,7.0,8.0,8.0
scaledependent,4.0,5,4.0,3.0,3.0,3.0,5.0,5.0,5.0,6.0,6.0,6.0,6.0,6.0,7.0,8.0,7.0,7.0,7.0,7.0,7.0,7.0,7.0,7.0,8.0,8.0
simeq,11.0,11,11.0,10.0,10.0,10.0,10.0,10.0,10.0,10.0,10.0,3.0,2.0,2.0,3.0,3.0,4.0,4.0,4.0,4.0,6.0,6.0,7.0,7.0,8.0,8.0
boundstate,5.0,7,8.0,6.0,6.0,5.0,5.0,5.0,5.0,5.0,5.0,5.0,5.0,5.0,5.0,5.0,5.0,5.0,5.0,5.0,7.0,6.0,6.0,7.0,8.0,8.0
nontrivially,9.0,9,9.0,9.0,8.0,8.0,7.0,7.0,7.0,7.0,6.0,5.0,6.0,6.0,6.0,7.0,8.0,8.0,8.0,8.0,10.0,8.0,8.0,8.0,7.0,8.0
subsector,5.0,5,5.0,4.0,4.0,3.0,4.0,4.0,4.0,5.0,5.0,5.0,4.0,4.0,4.0,5.0,5.0,7.0,7.0,7.0,7.0,7.0,8.0,7.0,7.0,8.0
quasilocal,9.0,9,8.0,6.0,5.0,5.0,5.0,7.0,7.0,7.0,7.0,7.0,7.0,8.0,8.0,9.0,9.0,8.0,8.0,8.0,9.0,9.0,9.0,8.0,6.0,8.0
adcf,5.0,6,5.0,5.0,4.0,4.0,6.0,6.0,5.0,5.0,5.0,5.0,5.0,5.0,5.0,5.0,5.0,5.0,5.0,7.0,7.0,6.0,6.0,6.0,6.0,8.0
carroll,7.0,7,7.0,7.0,7.0,6.0,6.0,6.0,6.0,6.0,5.0,5.0,5.0,4.0,4.0,4.0,4.0,6.0,6.0,6.0,6.0,6.0,6.0,6.0,6.0,8.0
adler,4.0,3,4.0,4.0,4.0,4.0,4.0,4.0,5.0,6.0,6.0,7.0,7.0,7.0,7.0,7.0,7.0,7.0,7.0,8.0,7.0,7.0,7.0,5.0,5.0,8.0
waals,19.0,20,17.0,17.0,18.0,18.0,18.0,17.0,17.0,17.0,17.0,17.0,16.0,17.0,17.0,14.0,14.0,14.0,11.0,10.0,10.0,10.0,10.0,11.0,12.0,7.0
oneform,5.0,5,5.0,4.0,4.0,4.0,4.0,4.0,4.0,4.0,7.0,8.0,7.0,7.0,7.0,7.0,7.0,7.0,7.0,8.0,8.0,10.0,10.0,10.0,10.0,7.0
selfinteractions,13.0,12,10.0,8.0,8.0,8.0,8.0,8.0,8.0,8.0,7.0,7.0,7.0,7.0,7.0,7.0,7.0,7.0,7.0,8.0,9.0,10.0,11.0,9.0,9.0,7.0
fourfermion,11.0,11,11.0,11.0,11.0,11.0,13.0,13.0,13.0,13.0,13.0,13.0,12.0,11.0,14.0,10.0,10.0,10.0,11.0,10.0,10.0,8.0,8.0,8.0,9.0,7.0
nahm,4.0,4,5.0,5.0,8.0,8.0,10.0,10.0,10.0,10.0,10.0,10.0,10.0,10.0,10.0,10.0,10.0,9.0,8.0,8.0,8.0,8.0,8.0,8.0,8.0,7.0
hitchin,8.0,6,6.0,6.0,6.0,6.0,8.0,8.0,8.0,8.0,8.0,8.0,7.0,7.0,7.0,8.0,8.0,9.0,8.0,8.0,8.0,8.0,8.0,8.0,8.0,7.0
falloff,6.0,6,7.0,7.0,7.0,7.0,7.0,5.0,5.0,5.0,5.0,5.0,7.0,6.0,6.0,8.0,8.0,8.0,8.0,8.0,8.0,8.0,8.0,8.0,8.0,7.0
deconstruction,2.0,2,3.0,3.0,4.0,4.0,3.0,3.0,3.0,3.0,3.0,3.0,3.0,3.0,5.0,5.0,5.0,5.0,5.0,8.0,8.0,8.0,8.0,8.0,8.0,7.0
doublecopy,6.0,6,6.0,7.0,8.0,7.0,7.0,8.0,7.0,6.0,6.0,6.0,6.0,6.0,6.0,6.0,5.0,5.0,5.0,7.0,7.0,8.0,8.0,8.0,8.0,7.0
strongfield,7.0,7,7.0,6.0,6.0,5.0,5.0,5.0,5.0,5.0,6.0,6.0,6.0,7.0,7.0,8.0,7.0,7.0,7.0,7.0,7.0,7.0,8.0,8.0,8.0,7.0
frobenius,11.0,11,12.0,12.0,10.0,10.0,6.0,7.0,7.0,7.0,7.0,7.0,7.0,10.0,10.0,10.0,9.0,8.0,8.0,8.0,8.0,7.0,7.0,7.0,8.0,7.0
yb,11.0,11,6.0,6.0,6.0,6.0,6.0,6.0,6.0,6.0,6.0,6.0,6.0,6.0,3.0,3.0,3.0,3.0,3.0,9.0,10.0,10.0,10.0,10.0,7.0,7.0
spinless,10.0,10,10.0,10.0,9.0,9.0,8.0,8.0,6.0,6.0,7.0,7.0,7.0,7.0,8.0,9.0,9.0,8.0,8.0,7.0,8.0,9.0,9.0,8.0,7.0,7.0
bulkboundary,5.0,7,7.0,7.0,7.0,8.0,8.0,8.0,8.0,8.0,10.0,8.0,9.0,10.0,10.0,10.0,10.0,10.0,10.0,8.0,8.0,8.0,8.0,8.0,7.0,7.0
bigravity,6.0,6,9.0,9.0,8.0,6.0,6.0,6.0,6.0,5.0,5.0,8.0,8.0,8.0,8.0,8.0,8.0,8.0,8.0,8.0,8.0,8.0,8.0,8.0,7.0,7.0
hadronic,6.0,6,8.0,8.0,7.0,6.0,7.0,8.0,8.0,8.0,8.0,8.0,6.0,6.0,6.0,6.0,8.0,7.0,7.0,7.0,8.0,8.0,8.0,8.0,7.0,7.0
fractal,12.0,12,12.0,12.0,14.0,14.0,14.0,13.0,13.0,14.0,14.0,14.0,12.0,12.0,12.0,14.0,16.0,16.0,16.0,16.0,15.0,15.0,15.0,7.0,7.0,7.0
aharonovbohm,4.0,4,4.0,5.0,6.0,6.0,6.0,6.0,5.0,5.0,5.0,6.0,6.0,6.0,5.0,5.0,7.0,7.0,7.0,8.0,9.0,9.0,8.0,7.0,7.0,7.0
weaker,9.0,9,9.0,8.0,8.0,7.0,7.0,7.0,7.0,7.0,8.0,8.0,8.0,7.0,7.0,7.0,6.0,7.0,7.0,8.0,8.0,9.0,8.0,7.0,7.0,7.0
randallsundrum,8.0,8,7.0,8.0,8.0,9.0,8.0,8.0,8.0,8.0,8.0,10.0,10.0,9.0,9.0,9.0,9.0,9.0,9.0,9.0,9.0,8.0,8.0,7.0,7.0,7.0
domainwall,5.0,5,5.0,5.0,5.0,5.0,8.0,6.0,7.0,6.0,9.0,9.0,9.0,9.0,9.0,9.0,9.0,9.0,9.0,8.0,8.0,8.0,8.0,7.0,7.0,7.0
decouple,8.0,8,8.0,9.0,10.0,10.0,11.0,11.0,11.0,12.0,12.0,12.0,12.0,12.0,12.0,12.0,12.0,10.0,10.0,10.0,10.0,9.0,7.0,7.0,7.0,7.0
einsteinmaxwelldilaton,6.0,6,6.0,6.0,6.0,6.0,6.0,6.0,7.0,7.0,7.0,7.0,7.0,6.0,6.0,6.0,6.0,6.0,5.0,5.0,6.0,8.0,7.0,7.0,7.0,7.0
gaugefixing,14.0,14,14.0,16.0,16.0,16.0,14.0,13.0,13.0,14.0,14.0,13.0,11.0,10.0,10.0,11.0,12.0,12.0,12.0,9.0,9.0,7.0,7.0,7.0,7.0,7.0
bfkl,16.0,16,16.0,16.0,9.0,9.0,9.0,9.0,9.0,9.0,6.0,6.0,6.0,7.0,7.0,8.0,12.0,12.0,9.0,9.0,9.0,7.0,7.0,7.0,7.0,7.0
focussing,9.0,8,7.0,7.0,7.0,7.0,8.0,7.0,7.0,7.0,7.0,7.0,7.0,8.0,8.0,9.0,9.0,10.0,9.0,8.0,9.0,7.0,7.0,7.0,7.0,7.0
fourloop,10.0,10,10.0,12.0,12.0,11.0,12.0,14.0,14.0,14.0,14.0,14.0,11.0,8.0,8.0,8.0,9.0,9.0,9.0,8.0,8.0,7.0,7.0,7.0,7.0,7.0
realised,15.0,15,14.0,12.0,11.0,11.0,13.0,13.0,12.0,10.0,10.0,9.0,9.0,9.0,9.0,9.0,8.0,8.0,8.0,8.0,8.0,7.0,7.0,7.0,7.0,7.0
conifold,6.0,6,7.0,8.0,7.0,7.0,6.0,7.0,7.0,7.0,7.0,7.0,7.0,8.0,10.0,10.0,9.0,8.0,7.0,8.0,8.0,7.0,7.0,7.0,7.0,7.0
selfadjoint,10.0,11,11.0,11.0,11.0,11.0,11.0,11.0,11.0,11.0,10.0,10.0,10.0,10.0,10.0,7.0,9.0,11.0,11.0,7.0,8.0,7.0,7.0,7.0,7.0,7.0
coarsegraining,4.0,6,6.0,6.0,5.0,5.0,5.0,5.0,5.0,5.0,5.0,5.0,6.0,7.0,8.0,8.0,8.0,7.0,8.0,8.0,7.0,7.0,7.0,7.0,7.0,7.0
avalifshitz,6.0,4,4.0,4.0,4.0,4.0,4.0,4.0,4.0,4.0,6.0,5.0,7.0,7.0,7.0,7.0,6.0,7.0,8.0,8.0,7.0,7.0,7.0,7.0,7.0,7.0
tricritical,4.0,4,4.0,4.0,9.0,9.0,9.0,11.0,11.0,11.0,10.0,8.0,8.0,8.0,8.0,8.0,8.0,8.0,8.0,7.0,7.0,7.0,7.0,7.0,7.0,7.0
firewall,12.0,12,10.0,10.0,10.0,10.0,10.0,10.0,8.0,8.0,8.0,7.0,7.0,7.0,8.0,8.0,9.0,8.0,7.0,7.0,7.0,7.0,7.0,7.0,7.0,7.0
killingyano,3.0,3,2.0,2.0,3.0,3.0,3.0,5.0,5.0,5.0,5.0,5.0,7.0,7.0,7.0,7.0,7.0,8.0,7.0,7.0,7.0,7.0,7.0,7.0,7.0,7.0
gft,6.0,6,6.0,6.0,6.0,6.0,6.0,12.0,12.0,12.0,12.0,12.0,12.0,13.0,13.0,13.0,13.0,7.0,7.0,7.0,7.0,7.0,7.0,7.0,7.0,7.0
myersperry,5.0,7,7.0,7.0,7.0,7.0,8.0,6.0,7.0,7.0,7.0,7.0,7.0,7.0,9.0,9.0,8.0,7.0,7.0,7.0,7.0,7.0,7.0,7.0,7.0,7.0
eff,8.0,8,7.0,7.0,7.0,9.0,10.0,10.0,10.0,10.0,11.0,9.0,9.0,9.0,7.0,7.0,7.0,7.0,7.0,7.0,7.0,7.0,7.0,7.0,7.0,7.0
higherform,4.0,4,4.0,4.0,4.0,3.0,3.0,3.0,5.0,5.0,6.0,6.0,3.0,3.0,3.0,3.0,5.0,7.0,7.0,7.0,7.0,7.0,7.0,7.0,7.0,7.0
hagedorn,13.0,14,14.0,14.0,14.0,11.0,11.0,11.0,10.0,10.0,10.0,9.0,6.0,5.0,4.0,4.0,3.0,4.0,2.0,7.0,7.0,7.0,7.0,7.0,7.0,7.0
tqfts,6.0,6,2.0,2.0,2.0,2.0,2.0,2.0,1.0,1.0,1.0,2.0,3.0,5.0,5.0,6.0,6.0,6.0,6.0,6.0,7.0,7.0,7.0,7.0,7.0,7.0
infty,7.0,5,5.0,5.0,5.0,5.0,5.0,6.0,6.0,6.0,6.0,6.0,6.0,4.0,4.0,4.0,5.0,5.0,5.0,5.0,5.0,5.0,7.0,7.0,7.0,7.0
eigenmodes,13.0,13,13.0,13.0,12.0,12.0,13.0,13.0,15.0,15.0,15.0,14.0,14.0,15.0,15.0,15.0,15.0,8.0,8.0,5.0,6.0,6.0,6.0,7.0,7.0,7.0
iv,9.0,9,8.0,8.0,8.0,8.0,7.0,7.0,7.0,6.0,6.0,4.0,5.0,8.0,7.0,7.0,7.0,7.0,6.0,6.0,7.0,7.0,7.0,6.0,7.0,7.0
bilayer,1.0,4,4.0,4.0,3.0,3.0,3.0,3.0,4.0,6.0,6.0,6.0,6.0,6.0,6.0,6.0,6.0,6.0,6.0,6.0,6.0,6.0,6.0,6.0,7.0,7.0
spinspin,6.0,6,6.0,3.0,3.0,3.0,3.0,3.0,3.0,7.0,7.0,6.0,6.0,6.0,6.0,6.0,6.0,5.0,6.0,6.0,6.0,6.0,6.0,6.0,7.0,7.0
antiferromagnetic,5.0,5,5.0,5.0,5.0,4.0,4.0,4.0,5.0,3.0,3.0,4.0,4.0,4.0,4.0,5.0,4.0,6.0,5.0,5.0,6.0,6.0,6.0,6.0,7.0,7.0
nonriemannian,6.0,6,6.0,6.0,6.0,6.0,6.0,6.0,7.0,7.0,5.0,5.0,9.0,9.0,9.0,7.0,7.0,7.0,7.0,5.0,5.0,6.0,6.0,6.0,7.0,7.0
extradimensional,4.0,4,6.0,6.0,6.0,6.0,4.0,4.0,4.0,4.0,5.0,5.0,6.0,6.0,6.0,6.0,6.0,6.0,6.0,5.0,5.0,5.0,6.0,6.0,7.0,7.0
xxz,13.0,13,14.0,11.0,9.0,8.0,7.0,7.0,7.0,7.0,7.0,7.0,7.0,7.0,6.0,7.0,7.0,6.0,6.0,5.0,5.0,5.0,5.0,5.0,7.0,7.0
twocomponent,3.0,3,3.0,3.0,2.0,2.0,3.0,2.0,2.0,2.0,3.0,3.0,3.0,3.0,2.0,2.0,4.0,4.0,5.0,5.0,5.0,5.0,5.0,5.0,7.0,7.0
ln,4.0,4,4.0,6.0,2.0,2.0,2.0,4.0,4.0,4.0,4.0,4.0,4.0,4.0,4.0,4.0,4.0,4.0,4.0,4.0,4.0,4.0,4.0,4.0,7.0,7.0
groundstate,10.0,10,9.0,10.0,8.0,6.0,4.0,4.0,4.0,4.0,4.0,4.0,4.0,4.0,2.0,3.0,3.0,3.0,3.0,3.0,3.0,3.0,3.0,3.0,7.0,7.0
rescaled,7.0,7,7.0,6.0,6.0,6.0,6.0,6.0,6.0,6.0,5.0,5.0,5.0,5.0,5.0,5.0,5.0,5.0,5.0,5.0,6.0,6.0,7.0,7.0,6.0,7.0
selfcontained,9.0,9,8.0,8.0,8.0,8.0,8.0,8.0,8.0,8.0,8.0,8.0,9.0,8.0,8.0,8.0,9.0,9.0,9.0,9.0,9.0,9.0,9.0,6.0,6.0,7.0
closedform,5.0,6,7.0,7.0,7.0,7.0,6.0,6.0,6.0,7.0,7.0,6.0,5.0,6.0,6.0,6.0,6.0,6.0,6.0,7.0,6.0,6.0,6.0,6.0,6.0,7.0
schroedinger,5.0,5,5.0,5.0,6.0,6.0,6.0,6.0,7.0,7.0,7.0,7.0,9.0,9.0,9.0,6.0,6.0,6.0,5.0,5.0,6.0,6.0,6.0,6.0,6.0,7.0
hawkingpage,5.0,6,7.0,8.0,7.0,7.0,7.0,7.0,9.0,9.0,7.0,6.0,6.0,6.0,6.0,6.0,6.0,6.0,6.0,5.0,5.0,5.0,6.0,6.0,6.0,7.0
singletrace,7.0,7,7.0,6.0,6.0,6.0,8.0,8.0,8.0,8.0,8.0,8.0,8.0,8.0,8.0,8.0,8.0,8.0,8.0,8.0,6.0,5.0,5.0,7.0,5.0,7.0
thermofield,13.0,14,14.0,13.0,14.0,14.0,14.0,13.0,13.0,13.0,13.0,13.0,13.0,12.0,12.0,12.0,11.0,8.0,9.0,8.0,8.0,7.0,5.0,5.0,5.0,7.0
worldlines,9.0,9,9.0,9.0,8.0,7.0,9.0,12.0,12.0,12.0,12.0,12.0,12.0,12.0,12.0,13.0,13.0,13.0,9.0,9.0,9.0,9.0,9.0,9.0,9.0,6.0
seiberg,8.0,7,8.0,8.0,8.0,8.0,8.0,8.0,8.0,8.0,7.0,6.0,6.0,7.0,7.0,7.0,7.0,7.0,8.0,8.0,8.0,8.0,10.0,10.0,8.0,6.0
hadrons,16.0,16,17.0,16.0,14.0,8.0,8.0,8.0,7.0,8.0,8.0,8.0,8.0,8.0,9.0,9.0,9.0,9.0,9.0,9.0,9.0,7.0,7.0,7.0,7.0,6.0
reparametrization,6.0,6,6.0,6.0,5.0,5.0,6.0,6.0,6.0,5.0,5.0,5.0,6.0,6.0,7.0,7.0,7.0,8.0,8.0,8.0,7.0,7.0,7.0,7.0,7.0,6.0
lightlike,5.0,4,4.0,4.0,4.0,5.0,7.0,8.0,7.0,6.0,6.0,6.0,6.0,6.0,6.0,6.0,6.0,6.0,5.0,5.0,6.0,7.0,7.0,7.0,7.0,6.0
kessence,6.0,5,5.0,5.0,5.0,5.0,5.0,5.0,5.0,5.0,5.0,5.0,6.0,6.0,8.0,8.0,6.0,6.0,5.0,5.0,6.0,6.0,7.0,7.0,7.0,6.0
poissonlie,16.0,16,14.0,14.0,14.0,14.0,14.0,14.0,13.0,12.0,12.0,12.0,11.0,10.0,10.0,6.0,6.0,6.0,5.0,5.0,5.0,5.0,7.0,7.0,7.0,6.0
rightmoving,5.0,5,5.0,5.0,5.0,4.0,5.0,5.0,6.0,6.0,6.0,7.0,7.0,7.0,5.0,4.0,4.0,4.0,4.0,5.0,5.0,6.0,6.0,7.0,7.0,6.0
shortdistance,12.0,12,12.0,10.0,10.0,9.0,9.0,9.0,9.0,9.0,9.0,8.0,9.0,9.0,9.0,10.0,10.0,9.0,9.0,9.0,8.0,6.0,6.0,6.0,7.0,6.0
outofequilibrium,6.0,6,6.0,8.0,7.0,7.0,7.0,8.0,8.0,8.0,7.0,7.0,7.0,7.0,7.0,7.0,7.0,7.0,9.0,9.0,9.0,9.0,9.0,8.0,6.0,6.0
superpotentials,10.0,10,10.0,10.0,10.0,11.0,12.0,12.0,12.0,13.0,13.0,13.0,11.0,11.0,11.0,10.0,11.0,12.0,12.0,11.0,8.0,9.0,9.0,8.0,6.0,6.0
pade,8.0,8,8.0,8.0,5.0,7.0,7.0,7.0,6.0,6.0,7.0,6.0,8.0,8.0,8.0,8.0,8.0,8.0,9.0,8.0,7.0,7.0,7.0,7.0,6.0,6.0
cl,6.0,5,4.0,4.0,4.0,4.0,5.0,5.0,5.0,4.0,4.0,4.0,4.0,4.0,4.0,8.0,8.0,8.0,8.0,8.0,7.0,7.0,7.0,7.0,6.0,6.0
thedimensional,12.0,13,12.0,13.0,13.0,13.0,12.0,12.0,10.0,10.0,10.0,11.0,10.0,11.0,11.0,11.0,13.0,12.0,8.0,7.0,7.0,7.0,7.0,7.0,6.0,6.0
xy,6.0,6,6.0,6.0,6.0,6.0,6.0,7.0,7.0,10.0,10.0,9.0,7.0,7.0,7.0,7.0,7.0,7.0,7.0,5.0,6.0,6.0,7.0,7.0,6.0,6.0
compactifying,5.0,5,4.0,4.0,4.0,3.0,2.0,1.0,1.0,1.0,1.0,1.0,1.0,3.0,3.0,3.0,3.0,3.0,3.0,3.0,4.0,4.0,6.0,7.0,6.0,6.0
tqft,14.0,14,10.0,8.0,8.0,7.0,7.0,7.0,5.0,5.0,5.0,8.0,8.0,8.0,8.0,7.0,7.0,7.0,8.0,8.0,8.0,10.0,10.0,6.0,6.0,6.0
tachyonic,10.0,10,11.0,11.0,11.0,11.0,10.0,10.0,10.0,10.0,10.0,10.0,9.0,9.0,8.0,8.0,8.0,8.0,8.0,6.0,8.0,8.0,9.0,6.0,6.0,6.0
shiftsymmetric,5.0,6,6.0,6.0,6.0,7.0,6.0,6.0,6.0,6.0,5.0,5.0,5.0,5.0,7.0,7.0,8.0,9.0,8.0,8.0,8.0,8.0,8.0,6.0,6.0,6.0
weierstrass,6.0,7,8.0,8.0,8.0,9.0,8.0,8.0,7.0,7.0,8.0,8.0,8.0,8.0,8.0,9.0,9.0,9.0,9.0,8.0,8.0,7.0,7.0,6.0,6.0,6.0
subplanckian,6.0,6,6.0,8.0,7.0,9.0,10.0,10.0,10.0,10.0,10.0,9.0,8.0,8.0,8.0,8.0,8.0,8.0,8.0,8.0,8.0,7.0,7.0,6.0,6.0,6.0
antidesitter,5.0,5,6.0,6.0,9.0,9.0,9.0,9.0,9.0,9.0,8.0,8.0,8.0,8.0,8.0,8.0,8.0,8.0,7.0,7.0,6.0,6.0,7.0,6.0,6.0,6.0
int,7.0,7,7.0,7.0,7.0,7.0,7.0,7.0,7.0,9.0,8.0,8.0,6.0,5.0,5.0,5.0,5.0,5.0,6.0,6.0,6.0,5.0,7.0,6.0,6.0,6.0
mathematica,11.0,12,9.0,10.0,10.0,10.0,10.0,11.0,11.0,11.0,10.0,10.0,9.0,9.0,9.0,10.0,11.0,9.0,8.0,8.0,8.0,6.0,6.0,6.0,6.0,6.0
calogero,12.0,10,9.0,9.0,9.0,10.0,7.0,7.0,7.0,6.0,6.0,6.0,6.0,6.0,6.0,6.0,8.0,8.0,8.0,8.0,8.0,6.0,6.0,6.0,6.0,6.0
broader,11.0,11,11.0,11.0,12.0,12.0,12.0,13.0,13.0,13.0,13.0,12.0,13.0,12.0,12.0,12.0,11.0,9.0,9.0,7.0,7.0,6.0,6.0,6.0,6.0,6.0
dynkin,6.0,6,5.0,5.0,5.0,5.0,5.0,5.0,5.0,5.0,5.0,5.0,4.0,3.0,3.0,7.0,7.0,7.0,7.0,7.0,7.0,6.0,6.0,6.0,6.0,6.0
ee,20.0,20,20.0,15.0,17.0,17.0,17.0,17.0,17.0,17.0,17.0,17.0,15.0,15.0,15.0,15.0,16.0,11.0,11.0,11.0,6.0,6.0,6.0,6.0,6.0,6.0
supertranslation,7.0,7,7.0,7.0,7.0,7.0,8.0,8.0,8.0,8.0,12.0,12.0,11.0,11.0,11.0,12.0,12.0,9.0,9.0,9.0,6.0,6.0,6.0,6.0,6.0,6.0
pions,7.0,8,7.0,8.0,9.0,9.0,6.0,6.0,5.0,6.0,6.0,6.0,7.0,7.0,7.0,7.0,7.0,7.0,7.0,6.0,6.0,6.0,6.0,6.0,6.0,6.0
cm,3.0,3,3.0,3.0,3.0,6.0,5.0,5.0,5.0,5.0,5.0,5.0,6.0,6.0,8.0,8.0,8.0,6.0,6.0,6.0,6.0,6.0,6.0,6.0,6.0,6.0
ns,5.0,5,5.0,7.0,7.0,7.0,9.0,9.0,8.0,8.0,8.0,8.0,7.0,7.0,5.0,5.0,5.0,6.0,6.0,6.0,6.0,6.0,6.0,6.0,6.0,6.0
poincar,6.0,7,8.0,8.0,10.0,10.0,10.0,10.0,10.0,10.0,10.0,8.0,8.0,8.0,7.0,7.0,6.0,5.0,5.0,6.0,6.0,6.0,6.0,6.0,6.0,6.0
friedmannrobertsonwalker,7.0,7,8.0,8.0,8.0,9.0,9.0,9.0,7.0,7.0,7.0,8.0,7.0,7.0,8.0,7.0,6.0,6.0,6.0,6.0,5.0,6.0,6.0,6.0,6.0,6.0
normalizable,5.0,5,5.0,4.0,5.0,5.0,4.0,4.0,4.0,4.0,4.0,4.0,4.0,6.0,5.0,5.0,5.0,6.0,6.0,6.0,5.0,6.0,6.0,6.0,6.0,6.0
ab,3.0,3,3.0,3.0,2.0,2.0,2.0,2.0,3.0,3.0,4.0,4.0,5.0,6.0,6.0,5.0,6.0,5.0,5.0,5.0,5.0,6.0,6.0,6.0,6.0,6.0
legendre,6.0,6,6.0,6.0,7.0,9.0,9.0,9.0,9.0,9.0,9.0,9.0,9.0,9.0,9.0,9.0,9.0,6.0,6.0,5.0,5.0,5.0,5.0,6.0,6.0,6.0
mond,6.0,6,6.0,6.0,8.0,8.0,8.0,8.0,8.0,8.0,8.0,8.0,7.0,8.0,6.0,6.0,6.0,6.0,6.0,5.0,5.0,5.0,5.0,6.0,6.0,6.0
batalinvilkovisky,7.0,6,6.0,6.0,4.0,5.0,5.0,5.0,5.0,5.0,8.0,8.0,6.0,6.0,6.0,6.0,6.0,5.0,5.0,5.0,5.0,5.0,5.0,6.0,6.0,6.0
nonnegative,16.0,16,16.0,15.0,14.0,13.0,14.0,13.0,12.0,11.0,10.0,8.0,7.0,7.0,7.0,8.0,8.0,6.0,6.0,7.0,7.0,6.0,5.0,5.0,6.0,6.0
particlehole,6.0,7,7.0,7.0,7.0,8.0,6.0,6.0,6.0,6.0,6.0,6.0,6.0,6.0,6.0,6.0,7.0,8.0,8.0,8.0,5.0,5.0,5.0,5.0,6.0,6.0
hightemperature,3.0,3,4.0,4.0,4.0,4.0,4.0,5.0,5.0,5.0,5.0,5.0,5.0,5.0,5.0,5.0,3.0,3.0,3.0,3.0,3.0,4.0,4.0,5.0,6.0,6.0
fieldtheoretic,5.0,5,6.0,5.0,4.0,5.0,5.0,4.0,3.0,4.0,4.0,4.0,4.0,4.0,4.0,4.0,3.0,4.0,4.0,4.0,4.0,4.0,4.0,4.0,6.0,6.0
munu,6.0,6,6.0,6.0,7.0,7.0,7.0,6.0,6.0,6.0,6.0,6.0,6.0,4.0,4.0,4.0,4.0,4.0,4.0,4.0,1.0,1.0,1.0,4.0,6.0,6.0
linearised,6.0,6,6.0,6.0,6.0,6.0,6.0,6.0,5.0,6.0,6.0,6.0,6.0,6.0,6.0,6.0,7.0,5.0,5.0,5.0,5.0,6.0,6.0,6.0,5.0,6.0
transplanckian,5.0,6,6.0,6.0,6.0,6.0,6.0,6.0,7.0,6.0,4.0,5.0,5.0,5.0,5.0,5.0,4.0,4.0,4.0,4.0,4.0,4.0,6.0,6.0,5.0,6.0
langlands,14.0,14,14.0,14.0,15.0,15.0,15.0,16.0,16.0,13.0,13.0,13.0,4.0,2.0,2.0,2.0,2.0,2.0,2.0,2.0,3.0,3.0,4.0,4.0,5.0,6.0
reissnernordstr,7.0,7,6.0,6.0,8.0,9.0,8.0,8.0,8.0,8.0,7.0,7.0,7.0,7.0,8.0,7.0,6.0,6.0,6.0,5.0,5.0,4.0,4.0,4.0,4.0,6.0
matterdominated,6.0,6,6.0,6.0,6.0,6.0,6.0,6.0,2.0,2.0,0.0,0.0,0.0,0.0,1.0,2.0,4.0,4.0,4.0,4.0,4.0,4.0,4.0,4.0,4.0,6.0
nambugoto,8.0,8,9.0,9.0,9.0,9.0,9.0,9.0,9.0,9.0,9.0,9.0,9.0,9.0,10.0,12.0,12.0,12.0,12.0,12.0,12.0,11.0,11.0,11.0,8.0,5.0
generalise,12.0,12,13.0,13.0,12.0,11.0,11.0,11.0,11.0,11.0,12.0,12.0,12.0,11.0,11.0,11.0,11.0,11.0,11.0,9.0,9.0,8.0,8.0,7.0,7.0,5.0
dyson,6.0,6,6.0,4.0,4.0,6.0,6.0,6.0,6.0,7.0,6.0,7.0,7.0,7.0,7.0,7.0,8.0,8.0,8.0,8.0,8.0,8.0,8.0,7.0,7.0,5.0
held,6.0,5,5.0,5.0,4.0,4.0,4.0,4.0,4.0,5.0,5.0,5.0,5.0,5.0,5.0,6.0,6.0,6.0,6.0,6.0,6.0,6.0,6.0,6.0,7.0,5.0
qubit,7.0,7,5.0,5.0,6.0,6.0,6.0,4.0,4.0,4.0,4.0,4.0,6.0,6.0,6.0,6.0,7.0,7.0,7.0,7.0,8.0,8.0,6.0,6.0,6.0,5.0
longstanding,7.0,8,8.0,8.0,7.0,7.0,7.0,8.0,7.0,6.0,7.0,6.0,6.0,6.0,6.0,6.0,6.0,6.0,6.0,6.0,6.0,7.0,6.0,6.0,6.0,5.0
quarkantiquark,9.0,9,9.0,9.0,5.0,6.0,6.0,6.0,6.0,6.0,6.0,4.0,4.0,4.0,6.0,7.0,6.0,6.0,6.0,6.0,6.0,6.0,6.0,6.0,6.0,5.0
bunchdavies,6.0,7,6.0,6.0,5.0,5.0,6.0,6.0,7.0,6.0,6.0,6.0,6.0,6.0,6.0,6.0,5.0,6.0,6.0,6.0,6.0,6.0,6.0,6.0,6.0,5.0
orientifold,13.0,13,14.0,15.0,16.0,16.0,16.0,14.0,14.0,13.0,13.0,10.0,10.0,10.0,10.0,9.0,9.0,8.0,6.0,6.0,4.0,4.0,6.0,6.0,6.0,5.0
oneparticle,10.0,10,11.0,10.0,10.0,10.0,10.0,11.0,11.0,12.0,13.0,11.0,11.0,11.0,11.0,11.0,11.0,11.0,11.0,8.0,8.0,8.0,7.0,7.0,5.0,5.0
anomalyfree,6.0,5,4.0,4.0,4.0,4.0,3.0,3.0,3.0,4.0,5.0,5.0,5.0,5.0,5.0,5.0,5.0,7.0,7.0,8.0,8.0,8.0,6.0,6.0,5.0,5.0
vasiliev,20.0,20,18.0,18.0,18.0,20.0,19.0,19.0,19.0,19.0,19.0,19.0,19.0,19.0,19.0,18.0,18.0,8.0,8.0,7.0,6.0,6.0,6.0,6.0,5.0,5.0
equiv,8.0,7,7.0,6.0,6.0,5.0,6.0,6.0,6.0,5.0,5.0,4.0,4.0,4.0,3.0,4.0,4.0,3.0,3.0,3.0,4.0,4.0,6.0,6.0,5.0,5.0
supermassive,7.0,7,5.0,5.0,6.0,6.0,6.0,7.0,7.0,6.0,7.0,7.0,7.0,7.0,7.0,8.0,7.0,6.0,6.0,6.0,6.0,6.0,5.0,6.0,5.0,5.0
dysonschwinger,7.0,7,7.0,7.0,7.0,6.0,6.0,6.0,6.0,6.0,6.0,6.0,6.0,5.0,5.0,5.0,4.0,3.0,5.0,4.0,4.0,5.0,5.0,6.0,5.0,5.0
parityodd,6.0,6,6.0,6.0,6.0,6.0,6.0,6.0,6.0,6.0,5.0,5.0,5.0,5.0,5.0,4.0,4.0,5.0,9.0,9.0,7.0,7.0,6.0,5.0,5.0,5.0
tachyons,6.0,6,6.0,6.0,7.0,7.0,6.0,6.0,6.0,5.0,5.0,3.0,3.0,5.0,5.0,5.0,5.0,5.0,5.0,5.0,5.0,5.0,6.0,5.0,5.0,5.0
nf,9.0,9,11.0,11.0,11.0,11.0,11.0,11.0,11.0,11.0,12.0,12.0,12.0,11.0,11.0,11.0,11.0,11.0,11.0,11.0,10.0,10.0,5.0,5.0,5.0,5.0
eos,12.0,12,13.0,15.0,15.0,14.0,14.0,12.0,12.0,12.0,12.0,12.0,12.0,12.0,12.0,12.0,11.0,11.0,9.0,8.0,10.0,10.0,5.0,5.0,5.0,5.0
vectorlike,9.0,9,8.0,8.0,8.0,8.0,11.0,11.0,10.0,10.0,10.0,10.0,10.0,10.0,10.0,10.0,10.0,10.0,10.0,8.0,7.0,7.0,5.0,5.0,5.0,5.0
exceeds,10.0,10,12.0,12.0,11.0,11.0,11.0,11.0,9.0,9.0,9.0,9.0,9.0,8.0,7.0,6.0,7.0,7.0,7.0,7.0,7.0,6.0,5.0,5.0,5.0,5.0
ultrarelativistic,7.0,7,7.0,7.0,7.0,7.0,6.0,6.0,6.0,6.0,4.0,4.0,4.0,5.0,5.0,5.0,6.0,7.0,7.0,7.0,5.0,6.0,5.0,5.0,5.0,5.0
propto,7.0,7,7.0,7.0,7.0,7.0,8.0,8.0,7.0,7.0,6.0,6.0,6.0,3.0,4.0,5.0,6.0,6.0,6.0,6.0,6.0,5.0,5.0,5.0,5.0,5.0
benchmark,7.0,7,7.0,7.0,7.0,8.0,8.0,8.0,7.0,6.0,6.0,8.0,8.0,9.0,9.0,10.0,10.0,7.0,7.0,7.0,5.0,5.0,5.0,5.0,5.0,5.0
orientifolds,6.0,6,6.0,7.0,8.0,8.0,8.0,10.0,9.0,9.0,9.0,9.0,9.0,9.0,9.0,10.0,10.0,7.0,6.0,6.0,5.0,5.0,5.0,5.0,5.0,5.0
finitetemperature,6.0,6,7.0,8.0,8.0,8.0,8.0,7.0,7.0,8.0,8.0,8.0,8.0,8.0,7.0,7.0,7.0,5.0,5.0,5.0,5.0,5.0,5.0,5.0,5.0,5.0
stresstensor,7.0,8,8.0,8.0,8.0,9.0,9.0,10.0,10.0,8.0,8.0,9.0,9.0,9.0,9.0,5.0,5.0,5.0,5.0,5.0,5.0,5.0,5.0,5.0,5.0,5.0
noninteger,8.0,8,9.0,9.0,9.0,10.0,10.0,10.0,10.0,8.0,8.0,7.0,6.0,6.0,7.0,5.0,5.0,5.0,5.0,5.0,5.0,5.0,5.0,5.0,5.0,5.0
mp,11.0,11,11.0,11.0,2.0,2.0,1.0,5.0,5.0,5.0,5.0,5.0,5.0,5.0,5.0,5.0,5.0,5.0,5.0,5.0,5.0,5.0,5.0,5.0,5.0,5.0
abj,10.0,10,10.0,11.0,11.0,11.0,11.0,11.0,11.0,11.0,11.0,11.0,9.0,9.0,9.0,9.0,10.0,4.0,4.0,4.0,5.0,5.0,5.0,5.0,5.0,5.0
stabilisation,5.0,6,6.0,6.0,6.0,6.0,6.0,5.0,5.0,5.0,3.0,4.0,4.0,4.0,4.0,4.0,4.0,4.0,2.0,2.0,5.0,5.0,5.0,5.0,5.0,5.0
vs,10.0,10,10.0,10.0,10.0,9.0,9.0,9.0,7.0,7.0,7.0,2.0,4.0,6.0,6.0,6.0,6.0,6.0,4.0,4.0,4.0,5.0,5.0,5.0,5.0,5.0
weakfield,7.0,4,4.0,6.0,6.0,6.0,6.0,6.0,6.0,6.0,6.0,6.0,6.0,5.0,5.0,3.0,3.0,3.0,4.0,4.0,4.0,4.0,5.0,5.0,5.0,5.0
teleportation,7.0,7,7.0,6.0,6.0,6.0,6.0,6.0,6.0,6.0,5.0,5.0,5.0,5.0,5.0,5.0,5.0,2.0,2.0,2.0,2.0,3.0,5.0,5.0,5.0,5.0
verlinde,10.0,9,9.0,9.0,9.0,9.0,9.0,8.0,8.0,8.0,8.0,8.0,8.0,9.0,8.0,9.0,8.0,8.0,7.0,6.0,6.0,6.0,4.0,5.0,5.0,5.0
einsteingaussbonnet,9.0,8,7.0,7.0,8.0,8.0,8.0,7.0,8.0,8.0,8.0,8.0,8.0,7.0,7.0,7.0,5.0,5.0,6.0,5.0,4.0,4.0,4.0,5.0,5.0,5.0
nearzero,8.0,8,12.0,12.0,12.0,12.0,12.0,12.0,12.0,12.0,12.0,9.0,9.0,9.0,9.0,9.0,9.0,9.0,4.0,4.0,4.0,4.0,4.0,5.0,5.0,5.0
kalbramond,8.0,8,8.0,8.0,8.0,7.0,7.0,7.0,8.0,8.0,8.0,9.0,9.0,9.0,9.0,8.0,4.0,3.0,3.0,3.0,3.0,3.0,4.0,5.0,5.0,5.0
hadamard,8.0,9,9.0,9.0,9.0,9.0,9.0,9.0,5.0,5.0,5.0,6.0,6.0,4.0,4.0,4.0,3.0,3.0,3.0,3.0,3.0,3.0,4.0,5.0,5.0,5.0
halfmaximal,10.0,10,10.0,10.0,10.0,10.0,10.0,10.0,8.0,4.0,4.0,3.0,3.0,3.0,4.0,4.0,4.0,4.0,4.0,4.0,6.0,4.0,3.0,5.0,5.0,5.0
axionlike,11.0,11,11.0,11.0,8.0,8.0,10.0,10.0,10.0,10.0,10.0,10.0,9.0,8.0,8.0,7.0,7.0,6.0,6.0,6.0,6.0,4.0,4.0,4.0,5.0,5.0
threesphere,9.0,9,9.0,9.0,9.0,9.0,9.0,11.0,11.0,11.0,9.0,6.0,4.0,4.0,4.0,4.0,4.0,4.0,4.0,4.0,4.0,3.0,3.0,4.0,5.0,5.0
xu,6.0,6,6.0,6.0,6.0,6.0,5.0,5.0,3.0,3.0,3.0,3.0,3.0,3.0,3.0,3.0,3.0,2.0,2.0,2.0,2.0,2.0,1.0,2.0,5.0,5.0
einsteinyangmills,6.0,5,5.0,4.0,4.0,4.0,4.0,4.0,4.0,4.0,3.0,3.0,3.0,3.0,4.0,3.0,3.0,3.0,4.0,4.0,5.0,4.0,4.0,4.0,4.0,5.0
klein,13.0,13,14.0,14.0,14.0,14.0,14.0,15.0,15.0,15.0,15.0,13.0,13.0,13.0,13.0,6.0,7.0,7.0,6.0,6.0,4.0,3.0,3.0,4.0,4.0,5.0
nlsm,5.0,5,5.0,5.0,5.0,5.0,5.0,5.0,1.0,1.0,1.0,1.0,1.0,1.0,1.0,1.0,1.0,1.0,4.0,4.0,4.0,4.0,3.0,3.0,3.0,5.0
algebroids,7.0,7,5.0,5.0,5.0,5.0,5.0,5.0,5.0,4.0,4.0,4.0,4.0,4.0,4.0,3.0,5.0,6.0,6.0,6.0,7.0,7.0,7.0,7.0,6.0,4.0
quasitopological,13.0,13,11.0,11.0,11.0,11.0,11.0,11.0,11.0,11.0,11.0,11.0,11.0,15.0,15.0,15.0,8.0,8.0,8.0,8.0,8.0,8.0,6.0,6.0,6.0,4.0
gaiotto,7.0,7,7.0,7.0,8.0,8.0,8.0,8.0,8.0,8.0,7.0,7.0,6.0,7.0,6.0,6.0,6.0,6.0,5.0,5.0,5.0,5.0,5.0,6.0,6.0,4.0
adm,8.0,7,7.0,7.0,7.0,6.0,7.0,7.0,7.0,7.0,7.0,6.0,6.0,6.0,7.0,6.0,7.0,7.0,7.0,7.0,7.0,8.0,8.0,8.0,5.0,4.0
weakcoupling,9.0,4,4.0,4.0,4.0,4.0,6.0,6.0,5.0,5.0,4.0,4.0,4.0,4.0,5.0,5.0,6.0,6.0,6.0,6.0,6.0,6.0,6.0,6.0,5.0,4.0
continuousspin,8.0,8,8.0,8.0,10.0,10.0,10.0,10.0,10.0,10.0,10.0,10.0,10.0,10.0,10.0,10.0,10.0,10.0,10.0,10.0,7.0,7.0,7.0,7.0,4.0,4.0
navierstokes,9.0,9,9.0,9.0,9.0,9.0,10.0,7.0,7.0,7.0,7.0,7.0,6.0,6.0,6.0,5.0,5.0,5.0,5.0,5.0,5.0,5.0,4.0,6.0,4.0,4.0
glauber,8.0,8,8.0,8.0,8.0,8.0,8.0,9.0,9.0,9.0,9.0,10.0,9.0,9.0,9.0,9.0,9.0,9.0,11.0,11.0,11.0,5.0,5.0,5.0,4.0,4.0
ambitwistor,15.0,14,13.0,13.0,14.0,14.0,17.0,17.0,17.0,13.0,13.0,13.0,12.0,9.0,9.0,9.0,9.0,7.0,5.0,5.0,5.0,5.0,5.0,5.0,4.0,4.0
vevs,7.0,7,7.0,7.0,2.0,2.0,2.0,2.0,2.0,2.0,2.0,2.0,2.0,2.0,2.0,5.0,5.0,5.0,5.0,5.0,5.0,5.0,5.0,5.0,4.0,4.0
hartlehawking,11.0,11,12.0,12.0,13.0,13.0,13.0,11.0,10.0,9.0,9.0,9.0,9.0,9.0,9.0,7.0,5.0,5.0,5.0,4.0,4.0,4.0,5.0,5.0,4.0,4.0
postnewtonian,14.0,14,13.0,11.0,11.0,10.0,10.0,10.0,9.0,9.0,9.0,9.0,9.0,9.0,9.0,9.0,9.0,10.0,10.0,10.0,9.0,9.0,9.0,4.0,4.0,4.0
combinatorics,7.0,7,7.0,7.0,6.0,6.0,6.0,5.0,4.0,3.0,3.0,3.0,3.0,3.0,4.0,6.0,5.0,5.0,4.0,5.0,5.0,5.0,5.0,4.0,4.0,4.0
noboundary,8.0,8,7.0,7.0,7.0,7.0,7.0,7.0,7.0,6.0,6.0,6.0,5.0,2.0,2.0,2.0,2.0,2.0,2.0,2.0,2.0,1.0,5.0,4.0,4.0,4.0
osp,9.0,8,7.0,7.0,7.0,7.0,7.0,7.0,6.0,6.0,6.0,6.0,8.0,8.0,8.0,8.0,8.0,8.0,8.0,8.0,8.0,5.0,4.0,4.0,4.0,4.0
syklike,7.0,7,7.0,7.0,8.0,7.0,6.0,6.0,6.0,4.0,5.0,5.0,6.0,6.0,6.0,6.0,6.0,6.0,6.0,6.0,4.0,4.0,4.0,4.0,4.0,4.0
tdual,6.0,6,5.0,5.0,4.0,4.0,4.0,4.0,3.0,3.0,4.0,4.0,5.0,5.0,5.0,4.0,4.0,4.0,4.0,4.0,4.0,4.0,4.0,4.0,4.0,4.0
supermanifolds,8.0,8,8.0,8.0,8.0,1.0,1.0,1.0,1.0,1.0,1.0,3.0,3.0,3.0,4.0,4.0,4.0,4.0,4.0,4.0,4.0,4.0,4.0,4.0,4.0,4.0
quantumgravity,4.0,4,3.0,3.0,4.0,5.0,5.0,5.0,5.0,5.0,5.0,5.0,4.0,4.0,4.0,4.0,4.0,3.0,4.0,4.0,4.0,4.0,4.0,4.0,4.0,4.0
kitaev,8.0,8,8.0,8.0,7.0,6.0,6.0,7.0,7.0,7.0,6.0,6.0,6.0,6.0,7.0,7.0,5.0,4.0,4.0,3.0,4.0,4.0,4.0,4.0,4.0,4.0
rightarrow,8.0,8,7.0,5.0,6.0,6.0,6.0,7.0,7.0,7.0,7.0,5.0,5.0,2.0,2.0,2.0,2.0,2.0,2.0,3.0,4.0,4.0,4.0,4.0,4.0,4.0
deeper,9.0,9,8.0,8.0,6.0,5.0,5.0,6.0,6.0,6.0,6.0,6.0,5.0,5.0,4.0,4.0,4.0,3.0,2.0,2.0,2.0,3.0,3.0,4.0,4.0,4.0
characterise,8.0,8,8.0,8.0,8.0,8.0,8.0,7.0,7.0,7.0,6.0,6.0,4.0,5.0,5.0,5.0,5.0,5.0,4.0,4.0,4.0,4.0,3.0,3.0,4.0,4.0
postinflationary,8.0,7,7.0,7.0,6.0,6.0,6.0,6.0,6.0,6.0,6.0,6.0,5.0,5.0,5.0,5.0,4.0,2.0,3.0,3.0,3.0,3.0,3.0,3.0,4.0,4.0
fivebranes,6.0,6,6.0,6.0,4.0,5.0,4.0,4.0,4.0,4.0,4.0,4.0,4.0,4.0,3.0,3.0,2.0,2.0,2.0,2.0,2.0,2.0,2.0,2.0,4.0,4.0
montecarlo,9.0,4,5.0,5.0,4.0,4.0,4.0,4.0,4.0,4.0,4.0,4.0,4.0,4.0,4.0,4.0,4.0,4.0,3.0,3.0,4.0,4.0,4.0,3.0,3.0,4.0
cachazoheyuan,10.0,10,10.0,10.0,8.0,8.0,9.0,9.0,9.0,9.0,9.0,9.0,8.0,8.0,8.0,6.0,6.0,5.0,5.0,5.0,3.0,4.0,4.0,3.0,3.0,4.0
leeyang,7.0,7,6.0,6.0,6.0,8.0,7.0,6.0,6.0,6.0,6.0,2.0,2.0,3.0,3.0,3.0,3.0,3.0,3.0,3.0,3.0,3.0,3.0,3.0,3.0,4.0
antiparticles,4.0,4,4.0,4.0,4.0,4.0,2.0,3.0,2.0,2.0,2.0,2.0,2.0,2.0,2.0,2.0,2.0,2.0,2.0,2.0,2.0,2.0,2.0,2.0,2.0,4.0
cf,24.0,23,22.0,22.0,21.0,21.0,21.0,21.0,15.0,15.0,15.0,15.0,15.0,15.0,14.0,13.0,13.0,13.0,12.0,13.0,13.0,10.0,10.0,7.0,7.0,3.0
smarr,14.0,12,12.0,13.0,13.0,12.0,10.0,10.0,11.0,9.0,8.0,8.0,8.0,8.0,7.0,7.0,8.0,8.0,8.0,8.0,8.0,8.0,8.0,6.0,3.0,3.0
wider,8.0,7,7.0,7.0,7.0,7.0,7.0,6.0,6.0,7.0,7.0,7.0,7.0,6.0,6.0,6.0,6.0,6.0,6.0,6.0,6.0,4.0,4.0,5.0,3.0,3.0
antiquark,8.0,8,8.0,8.0,7.0,8.0,9.0,9.0,9.0,9.0,9.0,9.0,9.0,9.0,9.0,9.0,9.0,5.0,5.0,5.0,5.0,5.0,4.0,4.0,3.0,3.0
quarkonium,8.0,8,11.0,10.0,10.0,10.0,6.0,6.0,6.0,6.0,6.0,6.0,6.0,6.0,6.0,6.0,6.0,6.0,6.0,4.0,4.0,4.0,4.0,4.0,3.0,3.0
npoint,11.0,10,9.0,8.0,6.0,6.0,6.0,6.0,5.0,4.0,4.0,4.0,3.0,2.0,3.0,3.0,3.0,3.0,3.0,3.0,3.0,4.0,4.0,4.0,3.0,3.0
bcfw,12.0,13,13.0,12.0,12.0,12.0,11.0,11.0,11.0,10.0,10.0,10.0,10.0,10.0,10.0,8.0,8.0,5.0,5.0,5.0,5.0,5.0,5.0,3.0,3.0,3.0
veneziano,9.0,9,9.0,9.0,9.0,9.0,9.0,9.0,8.0,8.0,6.0,4.0,7.0,7.0,7.0,6.0,6.0,5.0,5.0,5.0,4.0,4.0,3.0,3.0,3.0,3.0
zerotemperature,11.0,10,10.0,9.0,9.0,8.0,8.0,8.0,8.0,8.0,8.0,7.0,6.0,6.0,6.0,5.0,5.0,3.0,3.0,4.0,4.0,4.0,3.0,3.0,3.0,3.0
bcj,8.0,8,8.0,7.0,7.0,7.0,7.0,7.0,8.0,7.0,7.0,7.0,7.0,7.0,7.0,5.0,5.0,5.0,7.0,7.0,4.0,3.0,3.0,3.0,3.0,3.0
meanfield,13.0,13,13.0,13.0,13.0,13.0,13.0,14.0,14.0,14.0,14.0,11.0,9.0,8.0,8.0,7.0,8.0,7.0,7.0,5.0,3.0,3.0,3.0,3.0,3.0,3.0
gedanken,8.0,9,9.0,9.0,9.0,9.0,9.0,10.0,10.0,10.0,10.0,5.0,5.0,5.0,5.0,3.0,3.0,3.0,3.0,3.0,3.0,3.0,3.0,3.0,3.0,3.0
supermatrix,7.0,7,7.0,7.0,7.0,8.0,8.0,5.0,5.0,5.0,1.0,1.0,1.0,1.0,1.0,3.0,3.0,3.0,3.0,3.0,3.0,3.0,3.0,3.0,3.0,3.0
lv,14.0,14,14.0,14.0,14.0,4.0,4.0,4.0,4.0,4.0,4.0,1.0,1.0,1.0,1.0,1.0,3.0,3.0,3.0,3.0,3.0,3.0,3.0,3.0,3.0,3.0
gb,12.0,12,12.0,12.0,12.0,12.0,12.0,12.0,12.0,12.0,12.0,12.0,8.0,2.0,2.0,2.0,2.0,2.0,2.0,2.0,0.0,0.0,0.0,1.0,1.0,3.0
phonons,10.0,10,11.0,8.0,8.0,8.0,6.0,6.0,6.0,6.0,6.0,6.0,6.0,6.0,7.0,7.0,7.0,4.0,4.0,4.0,4.0,4.0,4.0,4.0,3.0,2.0
swave,13.0,13,13.0,13.0,13.0,13.0,12.0,8.0,4.0,4.0,4.0,4.0,4.0,4.0,4.0,4.0,4.0,4.0,4.0,4.0,4.0,4.0,4.0,4.0,2.0,2.0
leibniz,10.0,10,11.0,11.0,11.0,11.0,11.0,10.0,10.0,10.0,10.0,10.0,10.0,10.0,8.0,8.0,3.0,3.0,3.0,3.0,3.0,3.0,3.0,3.0,2.0,2.0
parketaylor,12.0,12,12.0,12.0,8.0,8.0,8.0,8.0,8.0,8.0,8.0,8.0,7.0,9.0,9.0,9.0,9.0,6.0,6.0,5.0,5.0,5.0,5.0,2.0,2.0,2.0
sugra,11.0,11,11.0,8.0,8.0,8.0,8.0,8.0,8.0,4.0,4.0,4.0,4.0,4.0,4.0,4.0,4.0,4.0,3.0,3.0,3.0,3.0,2.0,2.0,2.0,2.0
heun,9.0,10,10.0,10.0,10.0,10.0,10.0,10.0,10.0,10.0,10.0,10.0,10.0,10.0,10.0,10.0,5.0,5.0,4.0,4.0,2.0,2.0,2.0,2.0,2.0,2.0
rmatrix,16.0,12,11.0,9.0,9.0,8.0,8.0,7.0,6.0,6.0,6.0,6.0,6.0,6.0,6.0,6.0,2.0,2.0,2.0,2.0,2.0,2.0,2.0,2.0,2.0,2.0
ew,11.0,11,10.0,11.0,11.0,12.0,7.0,7.0,7.0,7.0,7.0,2.0,2.0,2.0,2.0,2.0,2.0,2.0,2.0,2.0,2.0,2.0,2.0,2.0,2.0,2.0
parityviolating,9.0,9,9.0,9.0,9.0,9.0,9.0,9.0,9.0,9.0,3.0,2.0,2.0,2.0,2.0,2.0,2.0,1.0,1.0,1.0,1.0,1.0,1.0,1.0,2.0,2.0
multitrace,11.0,12,12.0,12.0,11.0,11.0,11.0,9.0,9.0,9.0,9.0,9.0,9.0,9.0,9.0,5.0,5.0,4.0,4.0,4.0,4.0,4.0,4.0,3.0,2.0,1.0
kaehler,12.0,12,12.0,12.0,12.0,12.0,13.0,13.0,13.0,13.0,13.0,13.0,12.0,12.0,12.0,12.0,12.0,11.0,8.0,8.0,8.0,8.0,5.0,1.0,1.0,1.0
backreacted,14.0,12,11.0,11.0,10.0,10.0,9.0,9.0,7.0,6.0,4.0,4.0,3.0,3.0,3.0,3.0,4.0,2.0,2.0,2.0,2.0,2.0,1.0,1.0,1.0,1.0
godeltype,2.0,2,2.0,2.0,0.0,0.0,0.0,0.0,1.0,1.0,1.0,1.0,1.0,1.0,1.0,1.0,1.0,1.0,1.0,1.0,1.0,1.0,1.0,1.0,1.0,1.0
pidm,11.0,11,11.0,11.0,11.0,11.0,11.0,11.0,11.0,11.0,11.0,11.0,11.0,11.0,11.0,11.0,11.0,11.0,11.0,11.0,11.0,0.0,0.0,0.0,0.0,0.0
higgsplosion,15.0,14,14.0,14.0,14.0,14.0,14.0,14.0,14.0,7.0,7.0,7.0,7.0,7.0,7.0,7.0,7.0,7.0,7.0,7.0,0.0,0.0,0.0,0.0,0.0,0.0
pn,11.0,11,8.0,2.0,2.0,2.0,2.0,2.0,2.0,2.0,2.0,2.0,2.0,2.0,1.0,1.0,1.0,1.0,0.0,0.0,0.0,0.0,0.0,0.0,0.0,0.0
anapole,11.0,11,11.0,11.0,11.0,11.0,10.0,10.0,0.0,0.0,0.0,0.0,0.0,0.0,0.0,0.0,0.0,0.0,0.0,0.0,0.0,0.0,0.0,0.0,0.0,0.0
